<?xml version="1.0" encoding="UTF-8"?>
<gpx creator="calimoto gpx export (https://calimoto.com)" version="1.1" xmlns="http://www.topografix.com/GPX/1/1" xmlns:xsi="http://www.w3.org/2001/XMLSchema-instance" xsi:schemaLocation="http://www.topografix.com/GPX/1/1 http://www.topografix.com/GPX/1/1/gpx.xsd http://www.garmin.com/xmlschemas/GpxExtensions/v3 http://www.garmin.com/xmlschemas/GpxExtensionsv3.xsd http://www.garmin.com/xmlschemas/TrackPointExtension/v1 http://www.garmin.com/xmlschemas/TrackPointExtensionv1.xsd http://www.garmin.com/xmlschemas/PowerExtension/v1 http://www.garmin.com/xmlschemas/PowerExtensionv1.xsd http://www.topografix.com/GPX/gpx_style/0/2 http://www.topografix.com/GPX/gpx_style/0/2/gpx_style.xsd" xmlns:gpxtpx="http://www.garmin.com/xmlschemas/TrackPointExtension/v1" xmlns:gpxx="http://www.garmin.com/xmlschemas/GpxExtensions/v3" xmlns:gpxpx="http://www.garmin.com/xmlschemas/PowerExtension/v1" xmlns:gpx_style="http://www.topografix.com/GPX/gpx_style/0/2">
  <metadata>
    <name>Ride from 2026-08-23 (1)</name>
    <author>
      <name>gpx.studio</name>
      <link href="https://gpx.studio"/>
    </author>
    <link href="https://calimoto.com">
      <text>calimoto</text>
      <type>text/html</type>
    </link>
    <time>2026-08-24T18:59:23.000Z</time>
  </metadata>
  <trk>
    <name>Ride from 2026-08-23 (1)</name>
    <trkseg>
      <trkpt lon="-7.910683" lat="38.577466">
        <ele>332</ele>
        <time>2026-08-23T18:15:31.000Z</time>
      </trkpt>
      <trkpt lon="-7.910687" lat="38.577418">
        <ele>332</ele>
        <time>2026-08-23T18:15:33.000Z</time>
      </trkpt>
      <trkpt lon="-7.910745" lat="38.577336">
        <ele>332</ele>
        <time>2026-08-23T18:15:35.000Z</time>
      </trkpt>
      <trkpt lon="-7.910828" lat="38.577287">
        <ele>332</ele>
        <time>2026-08-23T18:15:36.000Z</time>
      </trkpt>
      <trkpt lon="-7.910933" lat="38.577261">
        <ele>332</ele>
        <time>2026-08-23T18:15:37.000Z</time>
      </trkpt>
      <trkpt lon="-7.911051" lat="38.577241">
        <ele>332</ele>
        <time>2026-08-23T18:15:38.000Z</time>
      </trkpt>
      <trkpt lon="-7.911187" lat="38.577248">
        <ele>332</ele>
        <time>2026-08-23T18:15:39.000Z</time>
      </trkpt>
      <trkpt lon="-7.911331" lat="38.577262">
        <ele>332</ele>
        <time>2026-08-23T18:15:40.000Z</time>
      </trkpt>
      <trkpt lon="-7.911484" lat="38.577272">
        <ele>332</ele>
        <time>2026-08-23T18:15:41.000Z</time>
      </trkpt>
      <trkpt lon="-7.911657" lat="38.577257">
        <ele>332</ele>
        <time>2026-08-23T18:15:42.000Z</time>
      </trkpt>
      <trkpt lon="-7.911819" lat="38.577251">
        <ele>332</ele>
        <time>2026-08-23T18:15:43.000Z</time>
      </trkpt>
      <trkpt lon="-7.911983" lat="38.577237">
        <ele>332</ele>
        <time>2026-08-23T18:15:44.000Z</time>
      </trkpt>
      <trkpt lon="-7.912155" lat="38.57721">
        <ele>332</ele>
        <time>2026-08-23T18:15:45.000Z</time>
      </trkpt>
      <trkpt lon="-7.912316" lat="38.577177">
        <ele>332</ele>
        <time>2026-08-23T18:15:46.000Z</time>
      </trkpt>
      <trkpt lon="-7.91246" lat="38.577134">
        <ele>332</ele>
        <time>2026-08-23T18:15:47.000Z</time>
      </trkpt>
      <trkpt lon="-7.912609" lat="38.577089">
        <ele>332</ele>
        <time>2026-08-23T18:15:48.000Z</time>
      </trkpt>
      <trkpt lon="-7.912745" lat="38.577036">
        <ele>332</ele>
        <time>2026-08-23T18:15:49.000Z</time>
      </trkpt>
      <trkpt lon="-7.9129" lat="38.576975">
        <ele>332</ele>
        <time>2026-08-23T18:15:50.000Z</time>
      </trkpt>
      <trkpt lon="-7.913026" lat="38.576912">
        <ele>332</ele>
        <time>2026-08-23T18:15:51.000Z</time>
      </trkpt>
      <trkpt lon="-7.913152" lat="38.576842">
        <ele>332</ele>
        <time>2026-08-23T18:15:52.000Z</time>
      </trkpt>
      <trkpt lon="-7.913291" lat="38.576767">
        <ele>332</ele>
        <time>2026-08-23T18:15:53.000Z</time>
      </trkpt>
      <trkpt lon="-7.913417" lat="38.576687">
        <ele>332</ele>
        <time>2026-08-23T18:15:54.000Z</time>
      </trkpt>
      <trkpt lon="-7.913517" lat="38.576613">
        <ele>332</ele>
        <time>2026-08-23T18:15:55.000Z</time>
      </trkpt>
      <trkpt lon="-7.913635" lat="38.57652">
        <ele>332</ele>
        <time>2026-08-23T18:15:56.000Z</time>
      </trkpt>
      <trkpt lon="-7.913755" lat="38.576433">
        <ele>332</ele>
        <time>2026-08-23T18:15:57.000Z</time>
      </trkpt>
      <trkpt lon="-7.913812" lat="38.576319">
        <ele>332</ele>
        <time>2026-08-23T18:15:58.000Z</time>
      </trkpt>
      <trkpt lon="-7.91392" lat="38.576223">
        <ele>332</ele>
        <time>2026-08-23T18:15:59.000Z</time>
      </trkpt>
      <trkpt lon="-7.914001" lat="38.576149">
        <ele>332</ele>
        <time>2026-08-23T18:16:00.000Z</time>
      </trkpt>
      <trkpt lon="-7.914135" lat="38.57602">
        <ele>332</ele>
        <time>2026-08-23T18:16:02.000Z</time>
      </trkpt>
      <trkpt lon="-7.914189" lat="38.575972">
        <ele>332</ele>
        <time>2026-08-23T18:16:03.000Z</time>
      </trkpt>
      <trkpt lon="-7.914252" lat="38.575915">
        <ele>332</ele>
        <time>2026-08-23T18:16:05.000Z</time>
      </trkpt>
      <trkpt lon="-7.914304" lat="38.57588">
        <ele>332</ele>
        <time>2026-08-23T18:16:08.000Z</time>
      </trkpt>
      <trkpt lon="-7.914402" lat="38.575837">
        <ele>332</ele>
        <time>2026-08-23T18:16:10.000Z</time>
      </trkpt>
      <trkpt lon="-7.914493" lat="38.575828">
        <ele>332</ele>
        <time>2026-08-23T18:16:11.000Z</time>
      </trkpt>
      <trkpt lon="-7.914593" lat="38.575839">
        <ele>332</ele>
        <time>2026-08-23T18:16:12.000Z</time>
      </trkpt>
      <trkpt lon="-7.914692" lat="38.575873">
        <ele>332</ele>
        <time>2026-08-23T18:16:13.000Z</time>
      </trkpt>
      <trkpt lon="-7.914801" lat="38.575921">
        <ele>332</ele>
        <time>2026-08-23T18:16:14.000Z</time>
      </trkpt>
      <trkpt lon="-7.914915" lat="38.575961">
        <ele>332</ele>
        <time>2026-08-23T18:16:15.000Z</time>
      </trkpt>
      <trkpt lon="-7.915091" lat="38.576051">
        <ele>332</ele>
        <time>2026-08-23T18:16:17.000Z</time>
      </trkpt>
      <trkpt lon="-7.91517" lat="38.576087">
        <ele>332</ele>
        <time>2026-08-23T18:16:18.000Z</time>
      </trkpt>
      <trkpt lon="-7.915251" lat="38.576122">
        <ele>332</ele>
        <time>2026-08-23T18:16:19.000Z</time>
      </trkpt>
      <trkpt lon="-7.915361" lat="38.576166">
        <ele>332</ele>
        <time>2026-08-23T18:16:20.000Z</time>
      </trkpt>
      <trkpt lon="-7.915463" lat="38.57621">
        <ele>332</ele>
        <time>2026-08-23T18:16:21.000Z</time>
      </trkpt>
      <trkpt lon="-7.915544" lat="38.57624">
        <ele>332</ele>
        <time>2026-08-23T18:16:22.000Z</time>
      </trkpt>
      <trkpt lon="-7.915648" lat="38.576296">
        <ele>332</ele>
        <time>2026-08-23T18:16:23.000Z</time>
      </trkpt>
      <trkpt lon="-7.915748" lat="38.57635">
        <ele>332</ele>
        <time>2026-08-23T18:16:24.000Z</time>
      </trkpt>
      <trkpt lon="-7.915846" lat="38.5764">
        <ele>332</ele>
        <time>2026-08-23T18:16:25.000Z</time>
      </trkpt>
      <trkpt lon="-7.91595" lat="38.576455">
        <ele>332</ele>
        <time>2026-08-23T18:16:26.000Z</time>
      </trkpt>
      <trkpt lon="-7.916064" lat="38.57651">
        <ele>332</ele>
        <time>2026-08-23T18:16:27.000Z</time>
      </trkpt>
      <trkpt lon="-7.916185" lat="38.576572">
        <ele>332</ele>
        <time>2026-08-23T18:16:28.000Z</time>
      </trkpt>
      <trkpt lon="-7.916314" lat="38.576635">
        <ele>332</ele>
        <time>2026-08-23T18:16:29.000Z</time>
      </trkpt>
      <trkpt lon="-7.916431" lat="38.576702">
        <ele>332</ele>
        <time>2026-08-23T18:16:30.000Z</time>
      </trkpt>
      <trkpt lon="-7.91656" lat="38.576766">
        <ele>332</ele>
        <time>2026-08-23T18:16:31.000Z</time>
      </trkpt>
      <trkpt lon="-7.916691" lat="38.576838">
        <ele>332</ele>
        <time>2026-08-23T18:16:32.000Z</time>
      </trkpt>
      <trkpt lon="-7.916828" lat="38.576914">
        <ele>332</ele>
        <time>2026-08-23T18:16:33.000Z</time>
      </trkpt>
      <trkpt lon="-7.91695" lat="38.576969">
        <ele>332</ele>
        <time>2026-08-23T18:16:34.000Z</time>
      </trkpt>
      <trkpt lon="-7.917068" lat="38.577029">
        <ele>332</ele>
        <time>2026-08-23T18:16:35.000Z</time>
      </trkpt>
      <trkpt lon="-7.917209" lat="38.577101">
        <ele>332</ele>
        <time>2026-08-23T18:16:36.000Z</time>
      </trkpt>
      <trkpt lon="-7.917343" lat="38.577174">
        <ele>332</ele>
        <time>2026-08-23T18:16:37.000Z</time>
      </trkpt>
      <trkpt lon="-7.917478" lat="38.577246">
        <ele>332</ele>
        <time>2026-08-23T18:16:38.000Z</time>
      </trkpt>
      <trkpt lon="-7.917591" lat="38.577315">
        <ele>332</ele>
        <time>2026-08-23T18:16:39.000Z</time>
      </trkpt>
      <trkpt lon="-7.917717" lat="38.57739">
        <ele>332</ele>
        <time>2026-08-23T18:16:40.000Z</time>
      </trkpt>
      <trkpt lon="-7.917843" lat="38.577465">
        <ele>332</ele>
        <time>2026-08-23T18:16:41.000Z</time>
      </trkpt>
      <trkpt lon="-7.917975" lat="38.577538">
        <ele>332</ele>
        <time>2026-08-23T18:16:42.000Z</time>
      </trkpt>
      <trkpt lon="-7.918114" lat="38.577607">
        <ele>332</ele>
        <time>2026-08-23T18:16:43.000Z</time>
      </trkpt>
      <trkpt lon="-7.918255" lat="38.577686">
        <ele>350</ele>
        <time>2026-08-23T18:16:44.000Z</time>
      </trkpt>
      <trkpt lon="-7.918399" lat="38.577765">
        <ele>350</ele>
        <time>2026-08-23T18:16:45.000Z</time>
      </trkpt>
      <trkpt lon="-7.918547" lat="38.577842">
        <ele>350</ele>
        <time>2026-08-23T18:16:46.000Z</time>
      </trkpt>
      <trkpt lon="-7.918674" lat="38.57791">
        <ele>351</ele>
        <time>2026-08-23T18:16:47.000Z</time>
      </trkpt>
      <trkpt lon="-7.91879" lat="38.577974">
        <ele>351</ele>
        <time>2026-08-23T18:16:48.000Z</time>
      </trkpt>
      <trkpt lon="-7.918927" lat="38.578048">
        <ele>351</ele>
        <time>2026-08-23T18:16:49.000Z</time>
      </trkpt>
      <trkpt lon="-7.919068" lat="38.57812">
        <ele>351</ele>
        <time>2026-08-23T18:16:50.000Z</time>
      </trkpt>
      <trkpt lon="-7.919211" lat="38.5782">
        <ele>351</ele>
        <time>2026-08-23T18:16:51.000Z</time>
      </trkpt>
      <trkpt lon="-7.919342" lat="38.57828">
        <ele>348</ele>
        <time>2026-08-23T18:16:52.000Z</time>
      </trkpt>
      <trkpt lon="-7.919476" lat="38.578365">
        <ele>348</ele>
        <time>2026-08-23T18:16:53.000Z</time>
      </trkpt>
      <trkpt lon="-7.9196" lat="38.578462">
        <ele>348</ele>
        <time>2026-08-23T18:16:54.000Z</time>
      </trkpt>
      <trkpt lon="-7.919712" lat="38.578543">
        <ele>348</ele>
        <time>2026-08-23T18:16:55.000Z</time>
      </trkpt>
      <trkpt lon="-7.919813" lat="38.578619">
        <ele>348</ele>
        <time>2026-08-23T18:16:56.000Z</time>
      </trkpt>
      <trkpt lon="-7.919914" lat="38.578703">
        <ele>348</ele>
        <time>2026-08-23T18:16:57.000Z</time>
      </trkpt>
      <trkpt lon="-7.920017" lat="38.578795">
        <ele>348</ele>
        <time>2026-08-23T18:16:58.000Z</time>
      </trkpt>
      <trkpt lon="-7.920121" lat="38.578887">
        <ele>348</ele>
        <time>2026-08-23T18:16:59.000Z</time>
      </trkpt>
      <trkpt lon="-7.92023" lat="38.578991">
        <ele>348</ele>
        <time>2026-08-23T18:17:00.000Z</time>
      </trkpt>
      <trkpt lon="-7.920339" lat="38.579089">
        <ele>348</ele>
        <time>2026-08-23T18:17:01.000Z</time>
      </trkpt>
      <trkpt lon="-7.920429" lat="38.579175">
        <ele>348</ele>
        <time>2026-08-23T18:17:02.000Z</time>
      </trkpt>
      <trkpt lon="-7.920512" lat="38.579244">
        <ele>348</ele>
        <time>2026-08-23T18:17:03.000Z</time>
      </trkpt>
      <trkpt lon="-7.920657" lat="38.579338">
        <ele>348</ele>
        <time>2026-08-23T18:17:05.000Z</time>
      </trkpt>
      <trkpt lon="-7.920719" lat="38.579382">
        <ele>348</ele>
        <time>2026-08-23T18:17:06.000Z</time>
      </trkpt>
      <trkpt lon="-7.920798" lat="38.57942">
        <ele>348</ele>
        <time>2026-08-23T18:17:07.000Z</time>
      </trkpt>
      <trkpt lon="-7.920884" lat="38.579404">
        <ele>348</ele>
        <time>2026-08-23T18:17:08.000Z</time>
      </trkpt>
      <trkpt lon="-7.920976" lat="38.57935">
        <ele>348</ele>
        <time>2026-08-23T18:17:09.000Z</time>
      </trkpt>
      <trkpt lon="-7.921046" lat="38.579268">
        <ele>348</ele>
        <time>2026-08-23T18:17:10.000Z</time>
      </trkpt>
      <trkpt lon="-7.921141" lat="38.579203">
        <ele>348</ele>
        <time>2026-08-23T18:17:11.000Z</time>
      </trkpt>
      <trkpt lon="-7.921236" lat="38.579142">
        <ele>348</ele>
        <time>2026-08-23T18:17:12.000Z</time>
      </trkpt>
      <trkpt lon="-7.921387" lat="38.579026">
        <ele>348</ele>
        <time>2026-08-23T18:17:14.000Z</time>
      </trkpt>
      <trkpt lon="-7.921478" lat="38.578962">
        <ele>348</ele>
        <time>2026-08-23T18:17:15.000Z</time>
      </trkpt>
      <trkpt lon="-7.921572" lat="38.578898">
        <ele>348</ele>
        <time>2026-08-23T18:17:16.000Z</time>
      </trkpt>
      <trkpt lon="-7.921664" lat="38.578835">
        <ele>348</ele>
        <time>2026-08-23T18:17:17.000Z</time>
      </trkpt>
      <trkpt lon="-7.921828" lat="38.578721">
        <ele>348</ele>
        <time>2026-08-23T18:17:19.000Z</time>
      </trkpt>
      <trkpt lon="-7.92191" lat="38.578661">
        <ele>348</ele>
        <time>2026-08-23T18:17:20.000Z</time>
      </trkpt>
      <trkpt lon="-7.921979" lat="38.57861">
        <ele>348</ele>
        <time>2026-08-23T18:17:21.000Z</time>
      </trkpt>
      <trkpt lon="-7.922052" lat="38.578563">
        <ele>348</ele>
        <time>2026-08-23T18:17:22.000Z</time>
      </trkpt>
      <trkpt lon="-7.922111" lat="38.578514">
        <ele>348</ele>
        <time>2026-08-23T18:17:23.000Z</time>
      </trkpt>
      <trkpt lon="-7.922194" lat="38.57845">
        <ele>348</ele>
        <time>2026-08-23T18:17:24.000Z</time>
      </trkpt>
      <trkpt lon="-7.922294" lat="38.578378">
        <ele>348</ele>
        <time>2026-08-23T18:17:25.000Z</time>
      </trkpt>
      <trkpt lon="-7.922402" lat="38.578309">
        <ele>348</ele>
        <time>2026-08-23T18:17:26.000Z</time>
      </trkpt>
      <trkpt lon="-7.92251" lat="38.578232">
        <ele>348</ele>
        <time>2026-08-23T18:17:27.000Z</time>
      </trkpt>
      <trkpt lon="-7.922615" lat="38.578149">
        <ele>348</ele>
        <time>2026-08-23T18:17:28.000Z</time>
      </trkpt>
      <trkpt lon="-7.922701" lat="38.578084">
        <ele>348</ele>
        <time>2026-08-23T18:17:29.000Z</time>
      </trkpt>
      <trkpt lon="-7.922792" lat="38.578017">
        <ele>348</ele>
        <time>2026-08-23T18:17:30.000Z</time>
      </trkpt>
      <trkpt lon="-7.922875" lat="38.577954">
        <ele>348</ele>
        <time>2026-08-23T18:17:31.000Z</time>
      </trkpt>
      <trkpt lon="-7.922962" lat="38.57788">
        <ele>348</ele>
        <time>2026-08-23T18:17:32.000Z</time>
      </trkpt>
      <trkpt lon="-7.923048" lat="38.577804">
        <ele>348</ele>
        <time>2026-08-23T18:17:33.000Z</time>
      </trkpt>
      <trkpt lon="-7.923133" lat="38.577734">
        <ele>348</ele>
        <time>2026-08-23T18:17:34.000Z</time>
      </trkpt>
      <trkpt lon="-7.923227" lat="38.577657">
        <ele>348</ele>
        <time>2026-08-23T18:17:35.000Z</time>
      </trkpt>
      <trkpt lon="-7.923327" lat="38.577574">
        <ele>348</ele>
        <time>2026-08-23T18:17:36.000Z</time>
      </trkpt>
      <trkpt lon="-7.923432" lat="38.577486">
        <ele>348</ele>
        <time>2026-08-23T18:17:37.000Z</time>
      </trkpt>
      <trkpt lon="-7.923544" lat="38.577393">
        <ele>348</ele>
        <time>2026-08-23T18:17:38.000Z</time>
      </trkpt>
      <trkpt lon="-7.923644" lat="38.577303">
        <ele>345</ele>
        <time>2026-08-23T18:17:39.000Z</time>
      </trkpt>
      <trkpt lon="-7.92376" lat="38.577206">
        <ele>345</ele>
        <time>2026-08-23T18:17:40.000Z</time>
      </trkpt>
      <trkpt lon="-7.923858" lat="38.577116">
        <ele>345</ele>
        <time>2026-08-23T18:17:41.000Z</time>
      </trkpt>
      <trkpt lon="-7.923962" lat="38.577019">
        <ele>345</ele>
        <time>2026-08-23T18:17:42.000Z</time>
      </trkpt>
      <trkpt lon="-7.924059" lat="38.576922">
        <ele>345</ele>
        <time>2026-08-23T18:17:43.000Z</time>
      </trkpt>
      <trkpt lon="-7.924143" lat="38.576828">
        <ele>345</ele>
        <time>2026-08-23T18:17:44.000Z</time>
      </trkpt>
      <trkpt lon="-7.924253" lat="38.576737">
        <ele>345</ele>
        <time>2026-08-23T18:17:45.000Z</time>
      </trkpt>
      <trkpt lon="-7.924329" lat="38.576619">
        <ele>345</ele>
        <time>2026-08-23T18:17:46.000Z</time>
      </trkpt>
      <trkpt lon="-7.924429" lat="38.576512">
        <ele>345</ele>
        <time>2026-08-23T18:17:47.000Z</time>
      </trkpt>
      <trkpt lon="-7.924536" lat="38.576394">
        <ele>345</ele>
        <time>2026-08-23T18:17:48.000Z</time>
      </trkpt>
      <trkpt lon="-7.92462" lat="38.576288">
        <ele>345</ele>
        <time>2026-08-23T18:17:49.000Z</time>
      </trkpt>
      <trkpt lon="-7.9247" lat="38.57618">
        <ele>345</ele>
        <time>2026-08-23T18:17:50.000Z</time>
      </trkpt>
      <trkpt lon="-7.924789" lat="38.576051">
        <ele>345</ele>
        <time>2026-08-23T18:17:51.000Z</time>
      </trkpt>
      <trkpt lon="-7.92487" lat="38.575926">
        <ele>345</ele>
        <time>2026-08-23T18:17:52.000Z</time>
      </trkpt>
      <trkpt lon="-7.924969" lat="38.575802">
        <ele>345</ele>
        <time>2026-08-23T18:17:53.000Z</time>
      </trkpt>
      <trkpt lon="-7.925034" lat="38.575655">
        <ele>345</ele>
        <time>2026-08-23T18:17:54.000Z</time>
      </trkpt>
      <trkpt lon="-7.925135" lat="38.575533">
        <ele>345</ele>
        <time>2026-08-23T18:17:55.000Z</time>
      </trkpt>
      <trkpt lon="-7.925198" lat="38.57538">
        <ele>345</ele>
        <time>2026-08-23T18:17:56.000Z</time>
      </trkpt>
      <trkpt lon="-7.925263" lat="38.575266">
        <ele>345</ele>
        <time>2026-08-23T18:17:57.000Z</time>
      </trkpt>
      <trkpt lon="-7.925314" lat="38.575161">
        <ele>345</ele>
        <time>2026-08-23T18:17:58.000Z</time>
      </trkpt>
      <trkpt lon="-7.925349" lat="38.575062">
        <ele>345</ele>
        <time>2026-08-23T18:17:59.000Z</time>
      </trkpt>
      <trkpt lon="-7.925373" lat="38.574953">
        <ele>345</ele>
        <time>2026-08-23T18:18:00.000Z</time>
      </trkpt>
      <trkpt lon="-7.925392" lat="38.574843">
        <ele>345</ele>
        <time>2026-08-23T18:18:01.000Z</time>
      </trkpt>
      <trkpt lon="-7.925414" lat="38.574724">
        <ele>345</ele>
        <time>2026-08-23T18:18:02.000Z</time>
      </trkpt>
      <trkpt lon="-7.925433" lat="38.5746">
        <ele>345</ele>
        <time>2026-08-23T18:18:03.000Z</time>
      </trkpt>
      <trkpt lon="-7.925453" lat="38.574477">
        <ele>345</ele>
        <time>2026-08-23T18:18:04.000Z</time>
      </trkpt>
      <trkpt lon="-7.925472" lat="38.574378">
        <ele>345</ele>
        <time>2026-08-23T18:18:05.000Z</time>
      </trkpt>
      <trkpt lon="-7.925487" lat="38.574286">
        <ele>345</ele>
        <time>2026-08-23T18:18:06.000Z</time>
      </trkpt>
      <trkpt lon="-7.925528" lat="38.574124">
        <ele>345</ele>
        <time>2026-08-23T18:18:08.000Z</time>
      </trkpt>
      <trkpt lon="-7.925553" lat="38.57405">
        <ele>345</ele>
        <time>2026-08-23T18:18:09.000Z</time>
      </trkpt>
      <trkpt lon="-7.925611" lat="38.573971">
        <ele>345</ele>
        <time>2026-08-23T18:18:10.000Z</time>
      </trkpt>
      <trkpt lon="-7.925711" lat="38.573909">
        <ele>345</ele>
        <time>2026-08-23T18:18:11.000Z</time>
      </trkpt>
      <trkpt lon="-7.925761" lat="38.573814">
        <ele>345</ele>
        <time>2026-08-23T18:18:12.000Z</time>
      </trkpt>
      <trkpt lon="-7.925711" lat="38.573707">
        <ele>345</ele>
        <time>2026-08-23T18:18:13.000Z</time>
      </trkpt>
      <trkpt lon="-7.925692" lat="38.573639">
        <ele>345</ele>
        <time>2026-08-23T18:18:15.000Z</time>
      </trkpt>
      <trkpt lon="-7.925683" lat="38.573593">
        <ele>345</ele>
        <time>2026-08-23T18:18:16.000Z</time>
      </trkpt>
      <trkpt lon="-7.925685" lat="38.573526">
        <ele>345</ele>
        <time>2026-08-23T18:18:17.000Z</time>
      </trkpt>
      <trkpt lon="-7.925742" lat="38.573443">
        <ele>345</ele>
        <time>2026-08-23T18:18:18.000Z</time>
      </trkpt>
      <trkpt lon="-7.925947" lat="38.573357">
        <ele>345</ele>
        <time>2026-08-23T18:18:20.000Z</time>
      </trkpt>
      <trkpt lon="-7.926108" lat="38.57332">
        <ele>345</ele>
        <time>2026-08-23T18:18:22.000Z</time>
      </trkpt>
      <trkpt lon="-7.926216" lat="38.573308">
        <ele>345</ele>
        <time>2026-08-23T18:18:23.000Z</time>
      </trkpt>
      <trkpt lon="-7.926333" lat="38.573292">
        <ele>345</ele>
        <time>2026-08-23T18:18:24.000Z</time>
      </trkpt>
      <trkpt lon="-7.926471" lat="38.573276">
        <ele>344</ele>
        <time>2026-08-23T18:18:25.000Z</time>
      </trkpt>
      <trkpt lon="-7.926622" lat="38.57326">
        <ele>344</ele>
        <time>2026-08-23T18:18:26.000Z</time>
      </trkpt>
      <trkpt lon="-7.926769" lat="38.573237">
        <ele>344</ele>
        <time>2026-08-23T18:18:27.000Z</time>
      </trkpt>
      <trkpt lon="-7.926895" lat="38.573226">
        <ele>344</ele>
        <time>2026-08-23T18:18:28.000Z</time>
      </trkpt>
      <trkpt lon="-7.927031" lat="38.573217">
        <ele>344</ele>
        <time>2026-08-23T18:18:29.000Z</time>
      </trkpt>
      <trkpt lon="-7.927178" lat="38.5732">
        <ele>344</ele>
        <time>2026-08-23T18:18:30.000Z</time>
      </trkpt>
      <trkpt lon="-7.927328" lat="38.573189">
        <ele>344</ele>
        <time>2026-08-23T18:18:31.000Z</time>
      </trkpt>
      <trkpt lon="-7.927483" lat="38.573169">
        <ele>344</ele>
        <time>2026-08-23T18:18:32.000Z</time>
      </trkpt>
      <trkpt lon="-7.927626" lat="38.573149">
        <ele>344</ele>
        <time>2026-08-23T18:18:33.000Z</time>
      </trkpt>
      <trkpt lon="-7.927754" lat="38.573137">
        <ele>344</ele>
        <time>2026-08-23T18:18:34.000Z</time>
      </trkpt>
      <trkpt lon="-7.927896" lat="38.573128">
        <ele>344</ele>
        <time>2026-08-23T18:18:35.000Z</time>
      </trkpt>
      <trkpt lon="-7.928045" lat="38.573114">
        <ele>344</ele>
        <time>2026-08-23T18:18:36.000Z</time>
      </trkpt>
      <trkpt lon="-7.928192" lat="38.573101">
        <ele>344</ele>
        <time>2026-08-23T18:18:37.000Z</time>
      </trkpt>
      <trkpt lon="-7.928324" lat="38.573087">
        <ele>344</ele>
        <time>2026-08-23T18:18:38.000Z</time>
      </trkpt>
      <trkpt lon="-7.928451" lat="38.573076">
        <ele>344</ele>
        <time>2026-08-23T18:18:39.000Z</time>
      </trkpt>
      <trkpt lon="-7.928625" lat="38.573069">
        <ele>344</ele>
        <time>2026-08-23T18:18:41.000Z</time>
      </trkpt>
      <trkpt lon="-7.928694" lat="38.573076">
        <ele>344</ele>
        <time>2026-08-23T18:18:42.000Z</time>
      </trkpt>
      <trkpt lon="-7.928793" lat="38.573077">
        <ele>344</ele>
        <time>2026-08-23T18:18:43.000Z</time>
      </trkpt>
      <trkpt lon="-7.928894" lat="38.573077">
        <ele>344</ele>
        <time>2026-08-23T18:18:44.000Z</time>
      </trkpt>
      <trkpt lon="-7.928985" lat="38.573082">
        <ele>344</ele>
        <time>2026-08-23T18:18:45.000Z</time>
      </trkpt>
      <trkpt lon="-7.929059" lat="38.573078">
        <ele>344</ele>
        <time>2026-08-23T18:18:46.000Z</time>
      </trkpt>
      <trkpt lon="-7.929118" lat="38.573077">
        <ele>344</ele>
        <time>2026-08-23T18:18:47.000Z</time>
      </trkpt>
      <trkpt lon="-7.9292" lat="38.573086">
        <ele>344</ele>
        <time>2026-08-23T18:18:48.000Z</time>
      </trkpt>
      <trkpt lon="-7.9293" lat="38.573095">
        <ele>354</ele>
        <time>2026-08-23T18:18:49.000Z</time>
      </trkpt>
      <trkpt lon="-7.929406" lat="38.573093">
        <ele>354</ele>
        <time>2026-08-23T18:18:50.000Z</time>
      </trkpt>
      <trkpt lon="-7.929513" lat="38.573091">
        <ele>354</ele>
        <time>2026-08-23T18:18:51.000Z</time>
      </trkpt>
      <trkpt lon="-7.929632" lat="38.57309">
        <ele>354</ele>
        <time>2026-08-23T18:18:52.000Z</time>
      </trkpt>
      <trkpt lon="-7.929743" lat="38.573088">
        <ele>354</ele>
        <time>2026-08-23T18:18:53.000Z</time>
      </trkpt>
      <trkpt lon="-7.929858" lat="38.573078">
        <ele>354</ele>
        <time>2026-08-23T18:18:54.000Z</time>
      </trkpt>
      <trkpt lon="-7.929994" lat="38.573056">
        <ele>354</ele>
        <time>2026-08-23T18:18:55.000Z</time>
      </trkpt>
      <trkpt lon="-7.930144" lat="38.573032">
        <ele>354</ele>
        <time>2026-08-23T18:18:56.000Z</time>
      </trkpt>
      <trkpt lon="-7.930281" lat="38.573013">
        <ele>354</ele>
        <time>2026-08-23T18:18:57.000Z</time>
      </trkpt>
      <trkpt lon="-7.930413" lat="38.572994">
        <ele>354</ele>
        <time>2026-08-23T18:18:58.000Z</time>
      </trkpt>
      <trkpt lon="-7.930549" lat="38.572975">
        <ele>354</ele>
        <time>2026-08-23T18:18:59.000Z</time>
      </trkpt>
      <trkpt lon="-7.930695" lat="38.572956">
        <ele>354</ele>
        <time>2026-08-23T18:19:00.000Z</time>
      </trkpt>
      <trkpt lon="-7.930841" lat="38.572935">
        <ele>354</ele>
        <time>2026-08-23T18:19:01.000Z</time>
      </trkpt>
      <trkpt lon="-7.930988" lat="38.572913">
        <ele>354</ele>
        <time>2026-08-23T18:19:02.000Z</time>
      </trkpt>
      <trkpt lon="-7.931134" lat="38.572898">
        <ele>354</ele>
        <time>2026-08-23T18:19:03.000Z</time>
      </trkpt>
      <trkpt lon="-7.931268" lat="38.572879">
        <ele>354</ele>
        <time>2026-08-23T18:19:04.000Z</time>
      </trkpt>
      <trkpt lon="-7.931387" lat="38.572862">
        <ele>354</ele>
        <time>2026-08-23T18:19:05.000Z</time>
      </trkpt>
      <trkpt lon="-7.93158" lat="38.572808">
        <ele>354</ele>
        <time>2026-08-23T18:19:07.000Z</time>
      </trkpt>
      <trkpt lon="-7.931669" lat="38.572749">
        <ele>354</ele>
        <time>2026-08-23T18:19:08.000Z</time>
      </trkpt>
      <trkpt lon="-7.931744" lat="38.572674">
        <ele>354</ele>
        <time>2026-08-23T18:19:09.000Z</time>
      </trkpt>
      <trkpt lon="-7.931803" lat="38.572584">
        <ele>354</ele>
        <time>2026-08-23T18:19:10.000Z</time>
      </trkpt>
      <trkpt lon="-7.931839" lat="38.572481">
        <ele>354</ele>
        <time>2026-08-23T18:19:11.000Z</time>
      </trkpt>
      <trkpt lon="-7.931844" lat="38.572385">
        <ele>355</ele>
        <time>2026-08-23T18:19:12.000Z</time>
      </trkpt>
      <trkpt lon="-7.931825" lat="38.572292">
        <ele>355</ele>
        <time>2026-08-23T18:19:13.000Z</time>
      </trkpt>
      <trkpt lon="-7.931792" lat="38.572199">
        <ele>355</ele>
        <time>2026-08-23T18:19:14.000Z</time>
      </trkpt>
      <trkpt lon="-7.931763" lat="38.572092">
        <ele>355</ele>
        <time>2026-08-23T18:19:15.000Z</time>
      </trkpt>
      <trkpt lon="-7.931748" lat="38.571981">
        <ele>355</ele>
        <time>2026-08-23T18:19:16.000Z</time>
      </trkpt>
      <trkpt lon="-7.931729" lat="38.571863">
        <ele>355</ele>
        <time>2026-08-23T18:19:17.000Z</time>
      </trkpt>
      <trkpt lon="-7.931704" lat="38.571742">
        <ele>355</ele>
        <time>2026-08-23T18:19:18.000Z</time>
      </trkpt>
      <trkpt lon="-7.931694" lat="38.571618">
        <ele>355</ele>
        <time>2026-08-23T18:19:19.000Z</time>
      </trkpt>
      <trkpt lon="-7.931699" lat="38.571488">
        <ele>355</ele>
        <time>2026-08-23T18:19:20.000Z</time>
      </trkpt>
      <trkpt lon="-7.931694" lat="38.571362">
        <ele>355</ele>
        <time>2026-08-23T18:19:21.000Z</time>
      </trkpt>
      <trkpt lon="-7.931695" lat="38.571256">
        <ele>355</ele>
        <time>2026-08-23T18:19:22.000Z</time>
      </trkpt>
      <trkpt lon="-7.931701" lat="38.57115">
        <ele>355</ele>
        <time>2026-08-23T18:19:23.000Z</time>
      </trkpt>
      <trkpt lon="-7.931702" lat="38.571033">
        <ele>355</ele>
        <time>2026-08-23T18:19:24.000Z</time>
      </trkpt>
      <trkpt lon="-7.931694" lat="38.570916">
        <ele>355</ele>
        <time>2026-08-23T18:19:25.000Z</time>
      </trkpt>
      <trkpt lon="-7.931692" lat="38.570817">
        <ele>355</ele>
        <time>2026-08-23T18:19:26.000Z</time>
      </trkpt>
      <trkpt lon="-7.931695" lat="38.570723">
        <ele>355</ele>
        <time>2026-08-23T18:19:27.000Z</time>
      </trkpt>
      <trkpt lon="-7.931692" lat="38.570627">
        <ele>355</ele>
        <time>2026-08-23T18:19:28.000Z</time>
      </trkpt>
      <trkpt lon="-7.931687" lat="38.570524">
        <ele>355</ele>
        <time>2026-08-23T18:19:29.000Z</time>
      </trkpt>
      <trkpt lon="-7.931684" lat="38.570411">
        <ele>355</ele>
        <time>2026-08-23T18:19:30.000Z</time>
      </trkpt>
      <trkpt lon="-7.931682" lat="38.5703">
        <ele>355</ele>
        <time>2026-08-23T18:19:31.000Z</time>
      </trkpt>
      <trkpt lon="-7.931683" lat="38.57019">
        <ele>355</ele>
        <time>2026-08-23T18:19:32.000Z</time>
      </trkpt>
      <trkpt lon="-7.931684" lat="38.570086">
        <ele>355</ele>
        <time>2026-08-23T18:19:33.000Z</time>
      </trkpt>
      <trkpt lon="-7.931675" lat="38.569926">
        <ele>355</ele>
        <time>2026-08-23T18:19:35.000Z</time>
      </trkpt>
      <trkpt lon="-7.931672" lat="38.569849">
        <ele>354</ele>
        <time>2026-08-23T18:19:36.000Z</time>
      </trkpt>
      <trkpt lon="-7.931668" lat="38.569779">
        <ele>354</ele>
        <time>2026-08-23T18:19:37.000Z</time>
      </trkpt>
      <trkpt lon="-7.931668" lat="38.569708">
        <ele>354</ele>
        <time>2026-08-23T18:19:38.000Z</time>
      </trkpt>
      <trkpt lon="-7.931665" lat="38.569626">
        <ele>354</ele>
        <time>2026-08-23T18:19:39.000Z</time>
      </trkpt>
      <trkpt lon="-7.931665" lat="38.569526">
        <ele>354</ele>
        <time>2026-08-23T18:19:40.000Z</time>
      </trkpt>
      <trkpt lon="-7.931664" lat="38.56942">
        <ele>354</ele>
        <time>2026-08-23T18:19:41.000Z</time>
      </trkpt>
      <trkpt lon="-7.931659" lat="38.569322">
        <ele>354</ele>
        <time>2026-08-23T18:19:42.000Z</time>
      </trkpt>
      <trkpt lon="-7.931653" lat="38.569158">
        <ele>354</ele>
        <time>2026-08-23T18:19:44.000Z</time>
      </trkpt>
      <trkpt lon="-7.931657" lat="38.569062">
        <ele>354</ele>
        <time>2026-08-23T18:19:45.000Z</time>
      </trkpt>
      <trkpt lon="-7.931664" lat="38.568959">
        <ele>354</ele>
        <time>2026-08-23T18:19:46.000Z</time>
      </trkpt>
      <trkpt lon="-7.93168" lat="38.568855">
        <ele>354</ele>
        <time>2026-08-23T18:19:47.000Z</time>
      </trkpt>
      <trkpt lon="-7.931719" lat="38.568752">
        <ele>354</ele>
        <time>2026-08-23T18:19:48.000Z</time>
      </trkpt>
      <trkpt lon="-7.931763" lat="38.568648">
        <ele>354</ele>
        <time>2026-08-23T18:19:49.000Z</time>
      </trkpt>
      <trkpt lon="-7.931812" lat="38.568541">
        <ele>354</ele>
        <time>2026-08-23T18:19:50.000Z</time>
      </trkpt>
      <trkpt lon="-7.93186" lat="38.56844">
        <ele>354</ele>
        <time>2026-08-23T18:19:51.000Z</time>
      </trkpt>
      <trkpt lon="-7.931906" lat="38.568357">
        <ele>354</ele>
        <time>2026-08-23T18:19:52.000Z</time>
      </trkpt>
      <trkpt lon="-7.932012" lat="38.568175">
        <ele>354</ele>
        <time>2026-08-23T18:19:54.000Z</time>
      </trkpt>
      <trkpt lon="-7.932076" lat="38.568061">
        <ele>354</ele>
        <time>2026-08-23T18:19:55.000Z</time>
      </trkpt>
      <trkpt lon="-7.93214" lat="38.56794">
        <ele>354</ele>
        <time>2026-08-23T18:19:56.000Z</time>
      </trkpt>
      <trkpt lon="-7.932194" lat="38.567831">
        <ele>354</ele>
        <time>2026-08-23T18:19:57.000Z</time>
      </trkpt>
      <trkpt lon="-7.932249" lat="38.567729">
        <ele>354</ele>
        <time>2026-08-23T18:19:58.000Z</time>
      </trkpt>
      <trkpt lon="-7.932301" lat="38.567643">
        <ele>353</ele>
        <time>2026-08-23T18:19:59.000Z</time>
      </trkpt>
      <trkpt lon="-7.932388" lat="38.567494">
        <ele>353</ele>
        <time>2026-08-23T18:20:01.000Z</time>
      </trkpt>
      <trkpt lon="-7.93243" lat="38.567423">
        <ele>353</ele>
        <time>2026-08-23T18:20:02.000Z</time>
      </trkpt>
      <trkpt lon="-7.932466" lat="38.567349">
        <ele>353</ele>
        <time>2026-08-23T18:20:03.000Z</time>
      </trkpt>
      <trkpt lon="-7.932505" lat="38.567279">
        <ele>353</ele>
        <time>2026-08-23T18:20:04.000Z</time>
      </trkpt>
      <trkpt lon="-7.932552" lat="38.567202">
        <ele>353</ele>
        <time>2026-08-23T18:20:05.000Z</time>
      </trkpt>
      <trkpt lon="-7.932604" lat="38.567108">
        <ele>353</ele>
        <time>2026-08-23T18:20:06.000Z</time>
      </trkpt>
      <trkpt lon="-7.93266" lat="38.567">
        <ele>353</ele>
        <time>2026-08-23T18:20:07.000Z</time>
      </trkpt>
      <trkpt lon="-7.932717" lat="38.56689">
        <ele>353</ele>
        <time>2026-08-23T18:20:08.000Z</time>
      </trkpt>
      <trkpt lon="-7.932769" lat="38.566792">
        <ele>353</ele>
        <time>2026-08-23T18:20:09.000Z</time>
      </trkpt>
      <trkpt lon="-7.932813" lat="38.566694">
        <ele>353</ele>
        <time>2026-08-23T18:20:10.000Z</time>
      </trkpt>
      <trkpt lon="-7.932867" lat="38.566604">
        <ele>353</ele>
        <time>2026-08-23T18:20:11.000Z</time>
      </trkpt>
      <trkpt lon="-7.932922" lat="38.56652">
        <ele>353</ele>
        <time>2026-08-23T18:20:12.000Z</time>
      </trkpt>
      <trkpt lon="-7.932984" lat="38.566435">
        <ele>353</ele>
        <time>2026-08-23T18:20:13.000Z</time>
      </trkpt>
      <trkpt lon="-7.933051" lat="38.566333">
        <ele>353</ele>
        <time>2026-08-23T18:20:14.000Z</time>
      </trkpt>
      <trkpt lon="-7.933117" lat="38.566228">
        <ele>353</ele>
        <time>2026-08-23T18:20:15.000Z</time>
      </trkpt>
      <trkpt lon="-7.933178" lat="38.566135">
        <ele>353</ele>
        <time>2026-08-23T18:20:16.000Z</time>
      </trkpt>
      <trkpt lon="-7.933222" lat="38.566043">
        <ele>353</ele>
        <time>2026-08-23T18:20:17.000Z</time>
      </trkpt>
      <trkpt lon="-7.933259" lat="38.565942">
        <ele>353</ele>
        <time>2026-08-23T18:20:18.000Z</time>
      </trkpt>
      <trkpt lon="-7.933295" lat="38.565834">
        <ele>353</ele>
        <time>2026-08-23T18:20:19.000Z</time>
      </trkpt>
      <trkpt lon="-7.933327" lat="38.565719">
        <ele>353</ele>
        <time>2026-08-23T18:20:20.000Z</time>
      </trkpt>
      <trkpt lon="-7.933355" lat="38.56561">
        <ele>353</ele>
        <time>2026-08-23T18:20:21.000Z</time>
      </trkpt>
      <trkpt lon="-7.93339" lat="38.565506">
        <ele>353</ele>
        <time>2026-08-23T18:20:22.000Z</time>
      </trkpt>
      <trkpt lon="-7.933416" lat="38.565401">
        <ele>336</ele>
        <time>2026-08-23T18:20:23.000Z</time>
      </trkpt>
      <trkpt lon="-7.933444" lat="38.565303">
        <ele>336</ele>
        <time>2026-08-23T18:20:24.000Z</time>
      </trkpt>
      <trkpt lon="-7.93347" lat="38.565209">
        <ele>336</ele>
        <time>2026-08-23T18:20:25.000Z</time>
      </trkpt>
      <trkpt lon="-7.933522" lat="38.565056">
        <ele>336</ele>
        <time>2026-08-23T18:20:27.000Z</time>
      </trkpt>
      <trkpt lon="-7.933544" lat="38.564997">
        <ele>336</ele>
        <time>2026-08-23T18:20:28.000Z</time>
      </trkpt>
      <trkpt lon="-7.933559" lat="38.564951">
        <ele>336</ele>
        <time>2026-08-23T18:20:29.000Z</time>
      </trkpt>
      <trkpt lon="-7.933575" lat="38.564908">
        <ele>336</ele>
        <time>2026-08-23T18:20:30.000Z</time>
      </trkpt>
      <trkpt lon="-7.933604" lat="38.564842">
        <ele>336</ele>
        <time>2026-08-23T18:20:32.000Z</time>
      </trkpt>
      <trkpt lon="-7.933609" lat="38.564798">
        <ele>336</ele>
        <time>2026-08-23T18:20:36.000Z</time>
      </trkpt>
      <trkpt lon="-7.933608" lat="38.564804">
        <ele>336</ele>
        <time>2026-08-23T18:20:37.000Z</time>
      </trkpt>
      <trkpt lon="-7.933612" lat="38.564767">
        <ele>331</ele>
        <time>2026-08-23T18:21:13.000Z</time>
      </trkpt>
      <trkpt lon="-7.933609" lat="38.564706">
        <ele>331</ele>
        <time>2026-08-23T18:21:15.000Z</time>
      </trkpt>
      <trkpt lon="-7.933498" lat="38.56464">
        <ele>330</ele>
        <time>2026-08-23T18:21:18.000Z</time>
      </trkpt>
      <trkpt lon="-7.933409" lat="38.564614">
        <ele>330</ele>
        <time>2026-08-23T18:21:19.000Z</time>
      </trkpt>
      <trkpt lon="-7.933318" lat="38.564598">
        <ele>330</ele>
        <time>2026-08-23T18:21:20.000Z</time>
      </trkpt>
      <trkpt lon="-7.933236" lat="38.564592">
        <ele>330</ele>
        <time>2026-08-23T18:21:21.000Z</time>
      </trkpt>
      <trkpt lon="-7.933163" lat="38.564586">
        <ele>330</ele>
        <time>2026-08-23T18:21:22.000Z</time>
      </trkpt>
      <trkpt lon="-7.933071" lat="38.564582">
        <ele>330</ele>
        <time>2026-08-23T18:21:23.000Z</time>
      </trkpt>
      <trkpt lon="-7.932977" lat="38.564562">
        <ele>330</ele>
        <time>2026-08-23T18:21:24.000Z</time>
      </trkpt>
      <trkpt lon="-7.932878" lat="38.564548">
        <ele>330</ele>
        <time>2026-08-23T18:21:25.000Z</time>
      </trkpt>
      <trkpt lon="-7.932786" lat="38.564537">
        <ele>330</ele>
        <time>2026-08-23T18:21:26.000Z</time>
      </trkpt>
      <trkpt lon="-7.932696" lat="38.564531">
        <ele>330</ele>
        <time>2026-08-23T18:21:27.000Z</time>
      </trkpt>
      <trkpt lon="-7.932591" lat="38.564516">
        <ele>330</ele>
        <time>2026-08-23T18:21:28.000Z</time>
      </trkpt>
      <trkpt lon="-7.932492" lat="38.564503">
        <ele>330</ele>
        <time>2026-08-23T18:21:29.000Z</time>
      </trkpt>
      <trkpt lon="-7.93239" lat="38.564492">
        <ele>330</ele>
        <time>2026-08-23T18:21:30.000Z</time>
      </trkpt>
      <trkpt lon="-7.93229" lat="38.56448">
        <ele>330</ele>
        <time>2026-08-23T18:21:31.000Z</time>
      </trkpt>
      <trkpt lon="-7.932192" lat="38.564469">
        <ele>330</ele>
        <time>2026-08-23T18:21:32.000Z</time>
      </trkpt>
      <trkpt lon="-7.932086" lat="38.564462">
        <ele>330</ele>
        <time>2026-08-23T18:21:33.000Z</time>
      </trkpt>
      <trkpt lon="-7.93198" lat="38.564452">
        <ele>330</ele>
        <time>2026-08-23T18:21:34.000Z</time>
      </trkpt>
      <trkpt lon="-7.93187" lat="38.564444">
        <ele>330</ele>
        <time>2026-08-23T18:21:35.000Z</time>
      </trkpt>
      <trkpt lon="-7.931759" lat="38.564432">
        <ele>330</ele>
        <time>2026-08-23T18:21:36.000Z</time>
      </trkpt>
      <trkpt lon="-7.931644" lat="38.564417">
        <ele>330</ele>
        <time>2026-08-23T18:21:37.000Z</time>
      </trkpt>
      <trkpt lon="-7.931513" lat="38.564413">
        <ele>330</ele>
        <time>2026-08-23T18:21:38.000Z</time>
      </trkpt>
      <trkpt lon="-7.931372" lat="38.564411">
        <ele>330</ele>
        <time>2026-08-23T18:21:39.000Z</time>
      </trkpt>
      <trkpt lon="-7.931219" lat="38.564412">
        <ele>335</ele>
        <time>2026-08-23T18:21:40.000Z</time>
      </trkpt>
      <trkpt lon="-7.931065" lat="38.56442">
        <ele>335</ele>
        <time>2026-08-23T18:21:41.000Z</time>
      </trkpt>
      <trkpt lon="-7.930932" lat="38.564427">
        <ele>335</ele>
        <time>2026-08-23T18:21:42.000Z</time>
      </trkpt>
      <trkpt lon="-7.930793" lat="38.564439">
        <ele>335</ele>
        <time>2026-08-23T18:21:43.000Z</time>
      </trkpt>
      <trkpt lon="-7.93064" lat="38.564457">
        <ele>335</ele>
        <time>2026-08-23T18:21:44.000Z</time>
      </trkpt>
      <trkpt lon="-7.930479" lat="38.564476">
        <ele>335</ele>
        <time>2026-08-23T18:21:45.000Z</time>
      </trkpt>
      <trkpt lon="-7.930335" lat="38.564501">
        <ele>335</ele>
        <time>2026-08-23T18:21:46.000Z</time>
      </trkpt>
      <trkpt lon="-7.930155" lat="38.564533">
        <ele>335</ele>
        <time>2026-08-23T18:21:47.000Z</time>
      </trkpt>
      <trkpt lon="-7.929954" lat="38.564574">
        <ele>335</ele>
        <time>2026-08-23T18:21:48.000Z</time>
      </trkpt>
      <trkpt lon="-7.929739" lat="38.564615">
        <ele>335</ele>
        <time>2026-08-23T18:21:49.000Z</time>
      </trkpt>
      <trkpt lon="-7.929511" lat="38.56466">
        <ele>335</ele>
        <time>2026-08-23T18:21:50.000Z</time>
      </trkpt>
      <trkpt lon="-7.929301" lat="38.564702">
        <ele>335</ele>
        <time>2026-08-23T18:21:51.000Z</time>
      </trkpt>
      <trkpt lon="-7.929089" lat="38.56474">
        <ele>335</ele>
        <time>2026-08-23T18:21:52.000Z</time>
      </trkpt>
      <trkpt lon="-7.928911" lat="38.564767">
        <ele>335</ele>
        <time>2026-08-23T18:21:53.000Z</time>
      </trkpt>
      <trkpt lon="-7.928755" lat="38.564796">
        <ele>335</ele>
        <time>2026-08-23T18:21:54.000Z</time>
      </trkpt>
      <trkpt lon="-7.928591" lat="38.56483">
        <ele>335</ele>
        <time>2026-08-23T18:21:55.000Z</time>
      </trkpt>
      <trkpt lon="-7.92845" lat="38.56486">
        <ele>335</ele>
        <time>2026-08-23T18:21:56.000Z</time>
      </trkpt>
      <trkpt lon="-7.928324" lat="38.564883">
        <ele>335</ele>
        <time>2026-08-23T18:21:57.000Z</time>
      </trkpt>
      <trkpt lon="-7.928109" lat="38.564917">
        <ele>335</ele>
        <time>2026-08-23T18:21:59.000Z</time>
      </trkpt>
      <trkpt lon="-7.928004" lat="38.56492">
        <ele>335</ele>
        <time>2026-08-23T18:22:00.000Z</time>
      </trkpt>
      <trkpt lon="-7.9279" lat="38.564887">
        <ele>335</ele>
        <time>2026-08-23T18:22:01.000Z</time>
      </trkpt>
      <trkpt lon="-7.927812" lat="38.564823">
        <ele>335</ele>
        <time>2026-08-23T18:22:02.000Z</time>
      </trkpt>
      <trkpt lon="-7.927752" lat="38.564733">
        <ele>335</ele>
        <time>2026-08-23T18:22:03.000Z</time>
      </trkpt>
      <trkpt lon="-7.927715" lat="38.564614">
        <ele>328</ele>
        <time>2026-08-23T18:22:04.000Z</time>
      </trkpt>
      <trkpt lon="-7.927668" lat="38.564488">
        <ele>328</ele>
        <time>2026-08-23T18:22:05.000Z</time>
      </trkpt>
      <trkpt lon="-7.927618" lat="38.56435">
        <ele>328</ele>
        <time>2026-08-23T18:22:06.000Z</time>
      </trkpt>
      <trkpt lon="-7.927558" lat="38.56422">
        <ele>328</ele>
        <time>2026-08-23T18:22:07.000Z</time>
      </trkpt>
      <trkpt lon="-7.927528" lat="38.564087">
        <ele>328</ele>
        <time>2026-08-23T18:22:08.000Z</time>
      </trkpt>
      <trkpt lon="-7.927506" lat="38.563935">
        <ele>328</ele>
        <time>2026-08-23T18:22:09.000Z</time>
      </trkpt>
      <trkpt lon="-7.92745" lat="38.563777">
        <ele>328</ele>
        <time>2026-08-23T18:22:10.000Z</time>
      </trkpt>
      <trkpt lon="-7.927398" lat="38.563631">
        <ele>328</ele>
        <time>2026-08-23T18:22:11.000Z</time>
      </trkpt>
      <trkpt lon="-7.92735" lat="38.563497">
        <ele>328</ele>
        <time>2026-08-23T18:22:12.000Z</time>
      </trkpt>
      <trkpt lon="-7.927286" lat="38.563351">
        <ele>328</ele>
        <time>2026-08-23T18:22:13.000Z</time>
      </trkpt>
      <trkpt lon="-7.927219" lat="38.563211">
        <ele>328</ele>
        <time>2026-08-23T18:22:14.000Z</time>
      </trkpt>
      <trkpt lon="-7.927145" lat="38.563073">
        <ele>328</ele>
        <time>2026-08-23T18:22:15.000Z</time>
      </trkpt>
      <trkpt lon="-7.92706" lat="38.56293">
        <ele>328</ele>
        <time>2026-08-23T18:22:16.000Z</time>
      </trkpt>
      <trkpt lon="-7.926975" lat="38.562805">
        <ele>328</ele>
        <time>2026-08-23T18:22:17.000Z</time>
      </trkpt>
      <trkpt lon="-7.926887" lat="38.562681">
        <ele>328</ele>
        <time>2026-08-23T18:22:18.000Z</time>
      </trkpt>
      <trkpt lon="-7.926797" lat="38.562565">
        <ele>328</ele>
        <time>2026-08-23T18:22:19.000Z</time>
      </trkpt>
      <trkpt lon="-7.926702" lat="38.562461">
        <ele>328</ele>
        <time>2026-08-23T18:22:20.000Z</time>
      </trkpt>
      <trkpt lon="-7.926594" lat="38.562347">
        <ele>328</ele>
        <time>2026-08-23T18:22:21.000Z</time>
      </trkpt>
      <trkpt lon="-7.926488" lat="38.562234">
        <ele>328</ele>
        <time>2026-08-23T18:22:22.000Z</time>
      </trkpt>
      <trkpt lon="-7.926391" lat="38.562124">
        <ele>328</ele>
        <time>2026-08-23T18:22:23.000Z</time>
      </trkpt>
      <trkpt lon="-7.92629" lat="38.562017">
        <ele>328</ele>
        <time>2026-08-23T18:22:24.000Z</time>
      </trkpt>
      <trkpt lon="-7.926182" lat="38.561909">
        <ele>328</ele>
        <time>2026-08-23T18:22:25.000Z</time>
      </trkpt>
      <trkpt lon="-7.926078" lat="38.561804">
        <ele>328</ele>
        <time>2026-08-23T18:22:26.000Z</time>
      </trkpt>
      <trkpt lon="-7.925983" lat="38.561707">
        <ele>328</ele>
        <time>2026-08-23T18:22:27.000Z</time>
      </trkpt>
      <trkpt lon="-7.925885" lat="38.561604">
        <ele>328</ele>
        <time>2026-08-23T18:22:28.000Z</time>
      </trkpt>
      <trkpt lon="-7.925779" lat="38.561497">
        <ele>328</ele>
        <time>2026-08-23T18:22:29.000Z</time>
      </trkpt>
      <trkpt lon="-7.925679" lat="38.561401">
        <ele>328</ele>
        <time>2026-08-23T18:22:30.000Z</time>
      </trkpt>
      <trkpt lon="-7.925578" lat="38.5613">
        <ele>328</ele>
        <time>2026-08-23T18:22:31.000Z</time>
      </trkpt>
      <trkpt lon="-7.925481" lat="38.561202">
        <ele>328</ele>
        <time>2026-08-23T18:22:32.000Z</time>
      </trkpt>
      <trkpt lon="-7.925392" lat="38.561113">
        <ele>328</ele>
        <time>2026-08-23T18:22:33.000Z</time>
      </trkpt>
      <trkpt lon="-7.925301" lat="38.561017">
        <ele>328</ele>
        <time>2026-08-23T18:22:34.000Z</time>
      </trkpt>
      <trkpt lon="-7.92521" lat="38.560915">
        <ele>328</ele>
        <time>2026-08-23T18:22:35.000Z</time>
      </trkpt>
      <trkpt lon="-7.925108" lat="38.560805">
        <ele>328</ele>
        <time>2026-08-23T18:22:36.000Z</time>
      </trkpt>
      <trkpt lon="-7.925003" lat="38.560692">
        <ele>328</ele>
        <time>2026-08-23T18:22:37.000Z</time>
      </trkpt>
      <trkpt lon="-7.924899" lat="38.560584">
        <ele>328</ele>
        <time>2026-08-23T18:22:38.000Z</time>
      </trkpt>
      <trkpt lon="-7.924806" lat="38.560485">
        <ele>328</ele>
        <time>2026-08-23T18:22:39.000Z</time>
      </trkpt>
      <trkpt lon="-7.924704" lat="38.56038">
        <ele>328</ele>
        <time>2026-08-23T18:22:40.000Z</time>
      </trkpt>
      <trkpt lon="-7.924604" lat="38.56027">
        <ele>328</ele>
        <time>2026-08-23T18:22:41.000Z</time>
      </trkpt>
      <trkpt lon="-7.924515" lat="38.560172">
        <ele>328</ele>
        <time>2026-08-23T18:22:42.000Z</time>
      </trkpt>
      <trkpt lon="-7.924429" lat="38.560083">
        <ele>328</ele>
        <time>2026-08-23T18:22:43.000Z</time>
      </trkpt>
      <trkpt lon="-7.92435" lat="38.560001">
        <ele>328</ele>
        <time>2026-08-23T18:22:44.000Z</time>
      </trkpt>
      <trkpt lon="-7.924281" lat="38.559915">
        <ele>328</ele>
        <time>2026-08-23T18:22:45.000Z</time>
      </trkpt>
      <trkpt lon="-7.924209" lat="38.559835">
        <ele>328</ele>
        <time>2026-08-23T18:22:46.000Z</time>
      </trkpt>
      <trkpt lon="-7.924088" lat="38.559698">
        <ele>328</ele>
        <time>2026-08-23T18:22:48.000Z</time>
      </trkpt>
      <trkpt lon="-7.92403" lat="38.559626">
        <ele>328</ele>
        <time>2026-08-23T18:22:49.000Z</time>
      </trkpt>
      <trkpt lon="-7.923993" lat="38.559575">
        <ele>328</ele>
        <time>2026-08-23T18:22:50.000Z</time>
      </trkpt>
      <trkpt lon="-7.923954" lat="38.559518">
        <ele>312</ele>
        <time>2026-08-23T18:22:52.000Z</time>
      </trkpt>
      <trkpt lon="-7.923909" lat="38.559464">
        <ele>312</ele>
        <time>2026-08-23T18:22:55.000Z</time>
      </trkpt>
      <trkpt lon="-7.923894" lat="38.55942">
        <ele>312</ele>
        <time>2026-08-23T18:22:56.000Z</time>
      </trkpt>
      <trkpt lon="-7.923881" lat="38.559353">
        <ele>312</ele>
        <time>2026-08-23T18:22:57.000Z</time>
      </trkpt>
      <trkpt lon="-7.923861" lat="38.559274">
        <ele>312</ele>
        <time>2026-08-23T18:22:58.000Z</time>
      </trkpt>
      <trkpt lon="-7.923809" lat="38.559203">
        <ele>312</ele>
        <time>2026-08-23T18:22:59.000Z</time>
      </trkpt>
      <trkpt lon="-7.923715" lat="38.559159">
        <ele>312</ele>
        <time>2026-08-23T18:23:00.000Z</time>
      </trkpt>
      <trkpt lon="-7.923608" lat="38.559143">
        <ele>312</ele>
        <time>2026-08-23T18:23:01.000Z</time>
      </trkpt>
      <trkpt lon="-7.923511" lat="38.559089">
        <ele>312</ele>
        <time>2026-08-23T18:23:02.000Z</time>
      </trkpt>
      <trkpt lon="-7.923429" lat="38.559017">
        <ele>312</ele>
        <time>2026-08-23T18:23:03.000Z</time>
      </trkpt>
      <trkpt lon="-7.923351" lat="38.558934">
        <ele>312</ele>
        <time>2026-08-23T18:23:04.000Z</time>
      </trkpt>
      <trkpt lon="-7.923255" lat="38.558846">
        <ele>312</ele>
        <time>2026-08-23T18:23:05.000Z</time>
      </trkpt>
      <trkpt lon="-7.923149" lat="38.55875">
        <ele>312</ele>
        <time>2026-08-23T18:23:06.000Z</time>
      </trkpt>
      <trkpt lon="-7.923045" lat="38.558649">
        <ele>312</ele>
        <time>2026-08-23T18:23:07.000Z</time>
      </trkpt>
      <trkpt lon="-7.922948" lat="38.558563">
        <ele>312</ele>
        <time>2026-08-23T18:23:08.000Z</time>
      </trkpt>
      <trkpt lon="-7.922851" lat="38.558468">
        <ele>312</ele>
        <time>2026-08-23T18:23:09.000Z</time>
      </trkpt>
      <trkpt lon="-7.92275" lat="38.55837">
        <ele>312</ele>
        <time>2026-08-23T18:23:10.000Z</time>
      </trkpt>
      <trkpt lon="-7.922651" lat="38.558276">
        <ele>312</ele>
        <time>2026-08-23T18:23:11.000Z</time>
      </trkpt>
      <trkpt lon="-7.922566" lat="38.558185">
        <ele>312</ele>
        <time>2026-08-23T18:23:12.000Z</time>
      </trkpt>
      <trkpt lon="-7.922481" lat="38.558094">
        <ele>312</ele>
        <time>2026-08-23T18:23:13.000Z</time>
      </trkpt>
      <trkpt lon="-7.922391" lat="38.557998">
        <ele>312</ele>
        <time>2026-08-23T18:23:14.000Z</time>
      </trkpt>
      <trkpt lon="-7.922297" lat="38.5579">
        <ele>312</ele>
        <time>2026-08-23T18:23:15.000Z</time>
      </trkpt>
      <trkpt lon="-7.922205" lat="38.557805">
        <ele>312</ele>
        <time>2026-08-23T18:23:16.000Z</time>
      </trkpt>
      <trkpt lon="-7.922112" lat="38.5577">
        <ele>312</ele>
        <time>2026-08-23T18:23:17.000Z</time>
      </trkpt>
      <trkpt lon="-7.922014" lat="38.557602">
        <ele>312</ele>
        <time>2026-08-23T18:23:18.000Z</time>
      </trkpt>
      <trkpt lon="-7.921915" lat="38.5575">
        <ele>312</ele>
        <time>2026-08-23T18:23:19.000Z</time>
      </trkpt>
      <trkpt lon="-7.921816" lat="38.557396">
        <ele>312</ele>
        <time>2026-08-23T18:23:20.000Z</time>
      </trkpt>
      <trkpt lon="-7.921718" lat="38.55729">
        <ele>312</ele>
        <time>2026-08-23T18:23:21.000Z</time>
      </trkpt>
      <trkpt lon="-7.921613" lat="38.557183">
        <ele>312</ele>
        <time>2026-08-23T18:23:22.000Z</time>
      </trkpt>
      <trkpt lon="-7.921512" lat="38.557077">
        <ele>312</ele>
        <time>2026-08-23T18:23:23.000Z</time>
      </trkpt>
      <trkpt lon="-7.921418" lat="38.556974">
        <ele>312</ele>
        <time>2026-08-23T18:23:24.000Z</time>
      </trkpt>
      <trkpt lon="-7.921319" lat="38.55686">
        <ele>312</ele>
        <time>2026-08-23T18:23:25.000Z</time>
      </trkpt>
      <trkpt lon="-7.921215" lat="38.556752">
        <ele>312</ele>
        <time>2026-08-23T18:23:26.000Z</time>
      </trkpt>
      <trkpt lon="-7.921121" lat="38.556653">
        <ele>312</ele>
        <time>2026-08-23T18:23:27.000Z</time>
      </trkpt>
      <trkpt lon="-7.921021" lat="38.556553">
        <ele>312</ele>
        <time>2026-08-23T18:23:28.000Z</time>
      </trkpt>
      <trkpt lon="-7.920917" lat="38.556449">
        <ele>312</ele>
        <time>2026-08-23T18:23:29.000Z</time>
      </trkpt>
      <trkpt lon="-7.920819" lat="38.556351">
        <ele>312</ele>
        <time>2026-08-23T18:23:30.000Z</time>
      </trkpt>
      <trkpt lon="-7.92073" lat="38.556257">
        <ele>312</ele>
        <time>2026-08-23T18:23:31.000Z</time>
      </trkpt>
      <trkpt lon="-7.920631" lat="38.556153">
        <ele>312</ele>
        <time>2026-08-23T18:23:32.000Z</time>
      </trkpt>
      <trkpt lon="-7.920522" lat="38.556042">
        <ele>312</ele>
        <time>2026-08-23T18:23:33.000Z</time>
      </trkpt>
      <trkpt lon="-7.920426" lat="38.555946">
        <ele>312</ele>
        <time>2026-08-23T18:23:34.000Z</time>
      </trkpt>
      <trkpt lon="-7.920331" lat="38.555857">
        <ele>312</ele>
        <time>2026-08-23T18:23:35.000Z</time>
      </trkpt>
      <trkpt lon="-7.920235" lat="38.555751">
        <ele>312</ele>
        <time>2026-08-23T18:23:36.000Z</time>
      </trkpt>
      <trkpt lon="-7.920129" lat="38.555643">
        <ele>312</ele>
        <time>2026-08-23T18:23:37.000Z</time>
      </trkpt>
      <trkpt lon="-7.920015" lat="38.555538">
        <ele>312</ele>
        <time>2026-08-23T18:23:38.000Z</time>
      </trkpt>
      <trkpt lon="-7.919928" lat="38.555434">
        <ele>312</ele>
        <time>2026-08-23T18:23:39.000Z</time>
      </trkpt>
      <trkpt lon="-7.919833" lat="38.555336">
        <ele>312</ele>
        <time>2026-08-23T18:23:40.000Z</time>
      </trkpt>
      <trkpt lon="-7.919728" lat="38.555227">
        <ele>312</ele>
        <time>2026-08-23T18:23:41.000Z</time>
      </trkpt>
      <trkpt lon="-7.919621" lat="38.555115">
        <ele>312</ele>
        <time>2026-08-23T18:23:42.000Z</time>
      </trkpt>
      <trkpt lon="-7.91949" lat="38.555006">
        <ele>312</ele>
        <time>2026-08-23T18:23:43.000Z</time>
      </trkpt>
      <trkpt lon="-7.919352" lat="38.5549">
        <ele>312</ele>
        <time>2026-08-23T18:23:44.000Z</time>
      </trkpt>
      <trkpt lon="-7.919212" lat="38.5548">
        <ele>312</ele>
        <time>2026-08-23T18:23:45.000Z</time>
      </trkpt>
      <trkpt lon="-7.919069" lat="38.554703">
        <ele>312</ele>
        <time>2026-08-23T18:23:46.000Z</time>
      </trkpt>
      <trkpt lon="-7.918911" lat="38.554603">
        <ele>312</ele>
        <time>2026-08-23T18:23:47.000Z</time>
      </trkpt>
      <trkpt lon="-7.918751" lat="38.554507">
        <ele>312</ele>
        <time>2026-08-23T18:23:48.000Z</time>
      </trkpt>
      <trkpt lon="-7.918586" lat="38.554424">
        <ele>312</ele>
        <time>2026-08-23T18:23:49.000Z</time>
      </trkpt>
      <trkpt lon="-7.918427" lat="38.554341">
        <ele>312</ele>
        <time>2026-08-23T18:23:50.000Z</time>
      </trkpt>
      <trkpt lon="-7.918248" lat="38.554257">
        <ele>312</ele>
        <time>2026-08-23T18:23:51.000Z</time>
      </trkpt>
      <trkpt lon="-7.91808" lat="38.55418">
        <ele>312</ele>
        <time>2026-08-23T18:23:52.000Z</time>
      </trkpt>
      <trkpt lon="-7.917913" lat="38.554116">
        <ele>312</ele>
        <time>2026-08-23T18:23:53.000Z</time>
      </trkpt>
      <trkpt lon="-7.917749" lat="38.55406">
        <ele>312</ele>
        <time>2026-08-23T18:23:54.000Z</time>
      </trkpt>
      <trkpt lon="-7.917566" lat="38.554007">
        <ele>312</ele>
        <time>2026-08-23T18:23:55.000Z</time>
      </trkpt>
      <trkpt lon="-7.917385" lat="38.553954">
        <ele>312</ele>
        <time>2026-08-23T18:23:56.000Z</time>
      </trkpt>
      <trkpt lon="-7.917198" lat="38.55391">
        <ele>312</ele>
        <time>2026-08-23T18:23:57.000Z</time>
      </trkpt>
      <trkpt lon="-7.917013" lat="38.553868">
        <ele>312</ele>
        <time>2026-08-23T18:23:58.000Z</time>
      </trkpt>
      <trkpt lon="-7.916827" lat="38.553835">
        <ele>312</ele>
        <time>2026-08-23T18:23:59.000Z</time>
      </trkpt>
      <trkpt lon="-7.916643" lat="38.553806">
        <ele>312</ele>
        <time>2026-08-23T18:24:00.000Z</time>
      </trkpt>
      <trkpt lon="-7.916473" lat="38.553786">
        <ele>309</ele>
        <time>2026-08-23T18:24:01.000Z</time>
      </trkpt>
      <trkpt lon="-7.916333" lat="38.553773">
        <ele>309</ele>
        <time>2026-08-23T18:24:02.000Z</time>
      </trkpt>
      <trkpt lon="-7.916147" lat="38.553755">
        <ele>309</ele>
        <time>2026-08-23T18:24:04.000Z</time>
      </trkpt>
      <trkpt lon="-7.916076" lat="38.553754">
        <ele>309</ele>
        <time>2026-08-23T18:24:05.000Z</time>
      </trkpt>
      <trkpt lon="-7.916018" lat="38.553752">
        <ele>309</ele>
        <time>2026-08-23T18:24:06.000Z</time>
      </trkpt>
      <trkpt lon="-7.915905" lat="38.553737">
        <ele>309</ele>
        <time>2026-08-23T18:24:08.000Z</time>
      </trkpt>
      <trkpt lon="-7.915828" lat="38.553724">
        <ele>309</ele>
        <time>2026-08-23T18:24:09.000Z</time>
      </trkpt>
      <trkpt lon="-7.915755" lat="38.553707">
        <ele>309</ele>
        <time>2026-08-23T18:24:11.000Z</time>
      </trkpt>
      <trkpt lon="-7.915691" lat="38.553691">
        <ele>309</ele>
        <time>2026-08-23T18:24:14.000Z</time>
      </trkpt>
      <trkpt lon="-7.915639" lat="38.553672">
        <ele>309</ele>
        <time>2026-08-23T18:24:15.000Z</time>
      </trkpt>
      <trkpt lon="-7.915583" lat="38.553626">
        <ele>309</ele>
        <time>2026-08-23T18:24:16.000Z</time>
      </trkpt>
      <trkpt lon="-7.915522" lat="38.553576">
        <ele>309</ele>
        <time>2026-08-23T18:24:17.000Z</time>
      </trkpt>
      <trkpt lon="-7.915445" lat="38.553559">
        <ele>309</ele>
        <time>2026-08-23T18:24:18.000Z</time>
      </trkpt>
      <trkpt lon="-7.915338" lat="38.553578">
        <ele>309</ele>
        <time>2026-08-23T18:24:19.000Z</time>
      </trkpt>
      <trkpt lon="-7.915233" lat="38.553611">
        <ele>309</ele>
        <time>2026-08-23T18:24:20.000Z</time>
      </trkpt>
      <trkpt lon="-7.915133" lat="38.553669">
        <ele>309</ele>
        <time>2026-08-23T18:24:21.000Z</time>
      </trkpt>
      <trkpt lon="-7.915005" lat="38.553698">
        <ele>309</ele>
        <time>2026-08-23T18:24:22.000Z</time>
      </trkpt>
      <trkpt lon="-7.914849" lat="38.553688">
        <ele>309</ele>
        <time>2026-08-23T18:24:23.000Z</time>
      </trkpt>
      <trkpt lon="-7.914704" lat="38.553684">
        <ele>309</ele>
        <time>2026-08-23T18:24:24.000Z</time>
      </trkpt>
      <trkpt lon="-7.914584" lat="38.553687">
        <ele>309</ele>
        <time>2026-08-23T18:24:25.000Z</time>
      </trkpt>
      <trkpt lon="-7.91446" lat="38.553683">
        <ele>309</ele>
        <time>2026-08-23T18:24:26.000Z</time>
      </trkpt>
      <trkpt lon="-7.914301" lat="38.553677">
        <ele>309</ele>
        <time>2026-08-23T18:24:27.000Z</time>
      </trkpt>
      <trkpt lon="-7.914139" lat="38.553675">
        <ele>309</ele>
        <time>2026-08-23T18:24:28.000Z</time>
      </trkpt>
      <trkpt lon="-7.913972" lat="38.553671">
        <ele>309</ele>
        <time>2026-08-23T18:24:29.000Z</time>
      </trkpt>
      <trkpt lon="-7.91381" lat="38.553664">
        <ele>309</ele>
        <time>2026-08-23T18:24:30.000Z</time>
      </trkpt>
      <trkpt lon="-7.913663" lat="38.553656">
        <ele>309</ele>
        <time>2026-08-23T18:24:31.000Z</time>
      </trkpt>
      <trkpt lon="-7.913482" lat="38.553648">
        <ele>309</ele>
        <time>2026-08-23T18:24:32.000Z</time>
      </trkpt>
      <trkpt lon="-7.913296" lat="38.553642">
        <ele>309</ele>
        <time>2026-08-23T18:24:33.000Z</time>
      </trkpt>
      <trkpt lon="-7.913111" lat="38.553636">
        <ele>309</ele>
        <time>2026-08-23T18:24:34.000Z</time>
      </trkpt>
      <trkpt lon="-7.912953" lat="38.553632">
        <ele>309</ele>
        <time>2026-08-23T18:24:35.000Z</time>
      </trkpt>
      <trkpt lon="-7.912791" lat="38.553622">
        <ele>309</ele>
        <time>2026-08-23T18:24:36.000Z</time>
      </trkpt>
      <trkpt lon="-7.912628" lat="38.553614">
        <ele>309</ele>
        <time>2026-08-23T18:24:37.000Z</time>
      </trkpt>
      <trkpt lon="-7.912462" lat="38.553609">
        <ele>309</ele>
        <time>2026-08-23T18:24:38.000Z</time>
      </trkpt>
      <trkpt lon="-7.912298" lat="38.553601">
        <ele>309</ele>
        <time>2026-08-23T18:24:39.000Z</time>
      </trkpt>
      <trkpt lon="-7.912141" lat="38.553592">
        <ele>309</ele>
        <time>2026-08-23T18:24:40.000Z</time>
      </trkpt>
      <trkpt lon="-7.911984" lat="38.553585">
        <ele>309</ele>
        <time>2026-08-23T18:24:41.000Z</time>
      </trkpt>
      <trkpt lon="-7.91182" lat="38.553579">
        <ele>309</ele>
        <time>2026-08-23T18:24:42.000Z</time>
      </trkpt>
      <trkpt lon="-7.911659" lat="38.553572">
        <ele>309</ele>
        <time>2026-08-23T18:24:43.000Z</time>
      </trkpt>
      <trkpt lon="-7.911515" lat="38.553561">
        <ele>309</ele>
        <time>2026-08-23T18:24:44.000Z</time>
      </trkpt>
      <trkpt lon="-7.911386" lat="38.553559">
        <ele>309</ele>
        <time>2026-08-23T18:24:45.000Z</time>
      </trkpt>
      <trkpt lon="-7.911173" lat="38.553539">
        <ele>309</ele>
        <time>2026-08-23T18:24:47.000Z</time>
      </trkpt>
      <trkpt lon="-7.91106" lat="38.553509">
        <ele>309</ele>
        <time>2026-08-23T18:24:48.000Z</time>
      </trkpt>
      <trkpt lon="-7.91089" lat="38.553402">
        <ele>309</ele>
        <time>2026-08-23T18:24:50.000Z</time>
      </trkpt>
      <trkpt lon="-7.91082" lat="38.553311">
        <ele>312</ele>
        <time>2026-08-23T18:24:51.000Z</time>
      </trkpt>
      <trkpt lon="-7.910793" lat="38.553196">
        <ele>311</ele>
        <time>2026-08-23T18:24:52.000Z</time>
      </trkpt>
      <trkpt lon="-7.910819" lat="38.553071">
        <ele>311</ele>
        <time>2026-08-23T18:24:53.000Z</time>
      </trkpt>
      <trkpt lon="-7.91088" lat="38.552951">
        <ele>311</ele>
        <time>2026-08-23T18:24:54.000Z</time>
      </trkpt>
      <trkpt lon="-7.910975" lat="38.552838">
        <ele>310</ele>
        <time>2026-08-23T18:24:55.000Z</time>
      </trkpt>
      <trkpt lon="-7.911098" lat="38.552734">
        <ele>310</ele>
        <time>2026-08-23T18:24:56.000Z</time>
      </trkpt>
      <trkpt lon="-7.911197" lat="38.552636">
        <ele>310</ele>
        <time>2026-08-23T18:24:57.000Z</time>
      </trkpt>
      <trkpt lon="-7.911283" lat="38.55255">
        <ele>309</ele>
        <time>2026-08-23T18:24:58.000Z</time>
      </trkpt>
      <trkpt lon="-7.911371" lat="38.552461">
        <ele>309</ele>
        <time>2026-08-23T18:24:59.000Z</time>
      </trkpt>
      <trkpt lon="-7.911469" lat="38.552357">
        <ele>309</ele>
        <time>2026-08-23T18:25:00.000Z</time>
      </trkpt>
      <trkpt lon="-7.911555" lat="38.552262">
        <ele>308</ele>
        <time>2026-08-23T18:25:01.000Z</time>
      </trkpt>
      <trkpt lon="-7.911633" lat="38.55218">
        <ele>308</ele>
        <time>2026-08-23T18:25:02.000Z</time>
      </trkpt>
      <trkpt lon="-7.911721" lat="38.55209">
        <ele>308</ele>
        <time>2026-08-23T18:25:03.000Z</time>
      </trkpt>
      <trkpt lon="-7.911807" lat="38.551996">
        <ele>308</ele>
        <time>2026-08-23T18:25:04.000Z</time>
      </trkpt>
      <trkpt lon="-7.911892" lat="38.551902">
        <ele>307</ele>
        <time>2026-08-23T18:25:05.000Z</time>
      </trkpt>
      <trkpt lon="-7.911969" lat="38.551817">
        <ele>307</ele>
        <time>2026-08-23T18:25:06.000Z</time>
      </trkpt>
      <trkpt lon="-7.912048" lat="38.551731">
        <ele>307</ele>
        <time>2026-08-23T18:25:07.000Z</time>
      </trkpt>
      <trkpt lon="-7.912135" lat="38.551642">
        <ele>307</ele>
        <time>2026-08-23T18:25:08.000Z</time>
      </trkpt>
      <trkpt lon="-7.912207" lat="38.551565">
        <ele>307</ele>
        <time>2026-08-23T18:25:09.000Z</time>
      </trkpt>
      <trkpt lon="-7.912346" lat="38.55144">
        <ele>304</ele>
        <time>2026-08-23T18:25:11.000Z</time>
      </trkpt>
      <trkpt lon="-7.912437" lat="38.551405">
        <ele>304</ele>
        <time>2026-08-23T18:25:12.000Z</time>
      </trkpt>
      <trkpt lon="-7.912548" lat="38.551381">
        <ele>304</ele>
        <time>2026-08-23T18:25:13.000Z</time>
      </trkpt>
      <trkpt lon="-7.912648" lat="38.551342">
        <ele>304</ele>
        <time>2026-08-23T18:25:14.000Z</time>
      </trkpt>
      <trkpt lon="-7.912697" lat="38.551271">
        <ele>304</ele>
        <time>2026-08-23T18:25:15.000Z</time>
      </trkpt>
      <trkpt lon="-7.912728" lat="38.551201">
        <ele>304</ele>
        <time>2026-08-23T18:25:16.000Z</time>
      </trkpt>
      <trkpt lon="-7.912754" lat="38.551105">
        <ele>304</ele>
        <time>2026-08-23T18:25:17.000Z</time>
      </trkpt>
      <trkpt lon="-7.91277" lat="38.550995">
        <ele>304</ele>
        <time>2026-08-23T18:25:18.000Z</time>
      </trkpt>
      <trkpt lon="-7.912838" lat="38.550888">
        <ele>304</ele>
        <time>2026-08-23T18:25:19.000Z</time>
      </trkpt>
      <trkpt lon="-7.912952" lat="38.550793">
        <ele>304</ele>
        <time>2026-08-23T18:25:20.000Z</time>
      </trkpt>
      <trkpt lon="-7.913039" lat="38.550705">
        <ele>304</ele>
        <time>2026-08-23T18:25:21.000Z</time>
      </trkpt>
      <trkpt lon="-7.913104" lat="38.550627">
        <ele>304</ele>
        <time>2026-08-23T18:25:22.000Z</time>
      </trkpt>
      <trkpt lon="-7.913181" lat="38.550542">
        <ele>304</ele>
        <time>2026-08-23T18:25:23.000Z</time>
      </trkpt>
      <trkpt lon="-7.913268" lat="38.550456">
        <ele>304</ele>
        <time>2026-08-23T18:25:24.000Z</time>
      </trkpt>
      <trkpt lon="-7.91336" lat="38.550363">
        <ele>304</ele>
        <time>2026-08-23T18:25:25.000Z</time>
      </trkpt>
      <trkpt lon="-7.913452" lat="38.550265">
        <ele>304</ele>
        <time>2026-08-23T18:25:26.000Z</time>
      </trkpt>
      <trkpt lon="-7.913541" lat="38.550164">
        <ele>304</ele>
        <time>2026-08-23T18:25:27.000Z</time>
      </trkpt>
      <trkpt lon="-7.913623" lat="38.550077">
        <ele>304</ele>
        <time>2026-08-23T18:25:28.000Z</time>
      </trkpt>
      <trkpt lon="-7.913694" lat="38.550002">
        <ele>304</ele>
        <time>2026-08-23T18:25:29.000Z</time>
      </trkpt>
      <trkpt lon="-7.913819" lat="38.549868">
        <ele>304</ele>
        <time>2026-08-23T18:25:31.000Z</time>
      </trkpt>
      <trkpt lon="-7.91392" lat="38.549815">
        <ele>304</ele>
        <time>2026-08-23T18:25:32.000Z</time>
      </trkpt>
      <trkpt lon="-7.914041" lat="38.549801">
        <ele>304</ele>
        <time>2026-08-23T18:25:33.000Z</time>
      </trkpt>
      <trkpt lon="-7.914152" lat="38.549828">
        <ele>304</ele>
        <time>2026-08-23T18:25:34.000Z</time>
      </trkpt>
      <trkpt lon="-7.914265" lat="38.549853">
        <ele>305</ele>
        <time>2026-08-23T18:25:35.000Z</time>
      </trkpt>
      <trkpt lon="-7.91439" lat="38.549865">
        <ele>305</ele>
        <time>2026-08-23T18:25:36.000Z</time>
      </trkpt>
      <trkpt lon="-7.914507" lat="38.549842">
        <ele>305</ele>
        <time>2026-08-23T18:25:37.000Z</time>
      </trkpt>
      <trkpt lon="-7.914608" lat="38.54978">
        <ele>305</ele>
        <time>2026-08-23T18:25:38.000Z</time>
      </trkpt>
      <trkpt lon="-7.914695" lat="38.549704">
        <ele>305</ele>
        <time>2026-08-23T18:25:39.000Z</time>
      </trkpt>
      <trkpt lon="-7.914768" lat="38.549632">
        <ele>305</ele>
        <time>2026-08-23T18:25:40.000Z</time>
      </trkpt>
      <trkpt lon="-7.914836" lat="38.549554">
        <ele>305</ele>
        <time>2026-08-23T18:25:41.000Z</time>
      </trkpt>
      <trkpt lon="-7.914914" lat="38.549471">
        <ele>305</ele>
        <time>2026-08-23T18:25:42.000Z</time>
      </trkpt>
      <trkpt lon="-7.914994" lat="38.54938">
        <ele>305</ele>
        <time>2026-08-23T18:25:43.000Z</time>
      </trkpt>
      <trkpt lon="-7.91508" lat="38.54929">
        <ele>305</ele>
        <time>2026-08-23T18:25:44.000Z</time>
      </trkpt>
      <trkpt lon="-7.915171" lat="38.549192">
        <ele>305</ele>
        <time>2026-08-23T18:25:45.000Z</time>
      </trkpt>
      <trkpt lon="-7.915266" lat="38.549091">
        <ele>305</ele>
        <time>2026-08-23T18:25:46.000Z</time>
      </trkpt>
      <trkpt lon="-7.91536" lat="38.54899">
        <ele>305</ele>
        <time>2026-08-23T18:25:47.000Z</time>
      </trkpt>
      <trkpt lon="-7.915439" lat="38.548899">
        <ele>305</ele>
        <time>2026-08-23T18:25:48.000Z</time>
      </trkpt>
      <trkpt lon="-7.915521" lat="38.548812">
        <ele>305</ele>
        <time>2026-08-23T18:25:49.000Z</time>
      </trkpt>
      <trkpt lon="-7.915599" lat="38.548707">
        <ele>305</ele>
        <time>2026-08-23T18:25:50.000Z</time>
      </trkpt>
      <trkpt lon="-7.915701" lat="38.548605">
        <ele>305</ele>
        <time>2026-08-23T18:25:51.000Z</time>
      </trkpt>
      <trkpt lon="-7.915814" lat="38.548508">
        <ele>305</ele>
        <time>2026-08-23T18:25:52.000Z</time>
      </trkpt>
      <trkpt lon="-7.91591" lat="38.548423">
        <ele>305</ele>
        <time>2026-08-23T18:25:53.000Z</time>
      </trkpt>
      <trkpt lon="-7.916001" lat="38.548334">
        <ele>305</ele>
        <time>2026-08-23T18:25:54.000Z</time>
      </trkpt>
      <trkpt lon="-7.916084" lat="38.548244">
        <ele>305</ele>
        <time>2026-08-23T18:25:55.000Z</time>
      </trkpt>
      <trkpt lon="-7.916171" lat="38.54814">
        <ele>305</ele>
        <time>2026-08-23T18:25:56.000Z</time>
      </trkpt>
      <trkpt lon="-7.916261" lat="38.548035">
        <ele>305</ele>
        <time>2026-08-23T18:25:57.000Z</time>
      </trkpt>
      <trkpt lon="-7.916349" lat="38.547937">
        <ele>304</ele>
        <time>2026-08-23T18:25:58.000Z</time>
      </trkpt>
      <trkpt lon="-7.916446" lat="38.547835">
        <ele>304</ele>
        <time>2026-08-23T18:25:59.000Z</time>
      </trkpt>
      <trkpt lon="-7.916552" lat="38.547722">
        <ele>304</ele>
        <time>2026-08-23T18:26:00.000Z</time>
      </trkpt>
      <trkpt lon="-7.916658" lat="38.547599">
        <ele>304</ele>
        <time>2026-08-23T18:26:01.000Z</time>
      </trkpt>
      <trkpt lon="-7.916759" lat="38.547489">
        <ele>304</ele>
        <time>2026-08-23T18:26:02.000Z</time>
      </trkpt>
      <trkpt lon="-7.916839" lat="38.547396">
        <ele>304</ele>
        <time>2026-08-23T18:26:03.000Z</time>
      </trkpt>
      <trkpt lon="-7.916941" lat="38.547293">
        <ele>304</ele>
        <time>2026-08-23T18:26:04.000Z</time>
      </trkpt>
      <trkpt lon="-7.917081" lat="38.54717">
        <ele>304</ele>
        <time>2026-08-23T18:26:05.000Z</time>
      </trkpt>
      <trkpt lon="-7.917173" lat="38.547055">
        <ele>304</ele>
        <time>2026-08-23T18:26:06.000Z</time>
      </trkpt>
      <trkpt lon="-7.917254" lat="38.546959">
        <ele>304</ele>
        <time>2026-08-23T18:26:07.000Z</time>
      </trkpt>
      <trkpt lon="-7.917326" lat="38.546881">
        <ele>304</ele>
        <time>2026-08-23T18:26:08.000Z</time>
      </trkpt>
      <trkpt lon="-7.917428" lat="38.546776">
        <ele>304</ele>
        <time>2026-08-23T18:26:09.000Z</time>
      </trkpt>
      <trkpt lon="-7.917495" lat="38.546696">
        <ele>304</ele>
        <time>2026-08-23T18:26:10.000Z</time>
      </trkpt>
      <trkpt lon="-7.917605" lat="38.546581">
        <ele>304</ele>
        <time>2026-08-23T18:26:12.000Z</time>
      </trkpt>
      <trkpt lon="-7.917641" lat="38.546533">
        <ele>304</ele>
        <time>2026-08-23T18:26:13.000Z</time>
      </trkpt>
      <trkpt lon="-7.917684" lat="38.546495">
        <ele>304</ele>
        <time>2026-08-23T18:26:14.000Z</time>
      </trkpt>
      <trkpt lon="-7.917749" lat="38.546436">
        <ele>304</ele>
        <time>2026-08-23T18:26:15.000Z</time>
      </trkpt>
      <trkpt lon="-7.917808" lat="38.546382">
        <ele>304</ele>
        <time>2026-08-23T18:26:16.000Z</time>
      </trkpt>
      <trkpt lon="-7.917842" lat="38.546333">
        <ele>304</ele>
        <time>2026-08-23T18:26:17.000Z</time>
      </trkpt>
      <trkpt lon="-7.917895" lat="38.546274">
        <ele>304</ele>
        <time>2026-08-23T18:26:18.000Z</time>
      </trkpt>
      <trkpt lon="-7.917911" lat="38.546195">
        <ele>304</ele>
        <time>2026-08-23T18:26:19.000Z</time>
      </trkpt>
      <trkpt lon="-7.917875" lat="38.546116">
        <ele>304</ele>
        <time>2026-08-23T18:26:20.000Z</time>
      </trkpt>
      <trkpt lon="-7.917794" lat="38.546049">
        <ele>304</ele>
        <time>2026-08-23T18:26:21.000Z</time>
      </trkpt>
      <trkpt lon="-7.917694" lat="38.545989">
        <ele>303</ele>
        <time>2026-08-23T18:26:22.000Z</time>
      </trkpt>
      <trkpt lon="-7.917558" lat="38.545932">
        <ele>303</ele>
        <time>2026-08-23T18:26:23.000Z</time>
      </trkpt>
      <trkpt lon="-7.917455" lat="38.545866">
        <ele>303</ele>
        <time>2026-08-23T18:26:24.000Z</time>
      </trkpt>
      <trkpt lon="-7.917331" lat="38.545799">
        <ele>303</ele>
        <time>2026-08-23T18:26:25.000Z</time>
      </trkpt>
      <trkpt lon="-7.91721" lat="38.545732">
        <ele>303</ele>
        <time>2026-08-23T18:26:26.000Z</time>
      </trkpt>
      <trkpt lon="-7.917106" lat="38.545675">
        <ele>303</ele>
        <time>2026-08-23T18:26:27.000Z</time>
      </trkpt>
      <trkpt lon="-7.916976" lat="38.5456">
        <ele>303</ele>
        <time>2026-08-23T18:26:28.000Z</time>
      </trkpt>
      <trkpt lon="-7.916859" lat="38.545524">
        <ele>303</ele>
        <time>2026-08-23T18:26:29.000Z</time>
      </trkpt>
      <trkpt lon="-7.916723" lat="38.545451">
        <ele>303</ele>
        <time>2026-08-23T18:26:30.000Z</time>
      </trkpt>
      <trkpt lon="-7.916584" lat="38.545369">
        <ele>303</ele>
        <time>2026-08-23T18:26:31.000Z</time>
      </trkpt>
      <trkpt lon="-7.916442" lat="38.545286">
        <ele>303</ele>
        <time>2026-08-23T18:26:32.000Z</time>
      </trkpt>
      <trkpt lon="-7.916302" lat="38.545205">
        <ele>303</ele>
        <time>2026-08-23T18:26:33.000Z</time>
      </trkpt>
      <trkpt lon="-7.916171" lat="38.545125">
        <ele>303</ele>
        <time>2026-08-23T18:26:34.000Z</time>
      </trkpt>
      <trkpt lon="-7.916022" lat="38.545037">
        <ele>303</ele>
        <time>2026-08-23T18:26:35.000Z</time>
      </trkpt>
      <trkpt lon="-7.915896" lat="38.544965">
        <ele>303</ele>
        <time>2026-08-23T18:26:36.000Z</time>
      </trkpt>
      <trkpt lon="-7.915758" lat="38.544888">
        <ele>303</ele>
        <time>2026-08-23T18:26:37.000Z</time>
      </trkpt>
      <trkpt lon="-7.91564" lat="38.544814">
        <ele>303</ele>
        <time>2026-08-23T18:26:38.000Z</time>
      </trkpt>
      <trkpt lon="-7.91551" lat="38.544736">
        <ele>303</ele>
        <time>2026-08-23T18:26:39.000Z</time>
      </trkpt>
      <trkpt lon="-7.91537" lat="38.544652">
        <ele>303</ele>
        <time>2026-08-23T18:26:40.000Z</time>
      </trkpt>
      <trkpt lon="-7.915227" lat="38.544567">
        <ele>303</ele>
        <time>2026-08-23T18:26:41.000Z</time>
      </trkpt>
      <trkpt lon="-7.915087" lat="38.544484">
        <ele>303</ele>
        <time>2026-08-23T18:26:42.000Z</time>
      </trkpt>
      <trkpt lon="-7.914962" lat="38.54441">
        <ele>303</ele>
        <time>2026-08-23T18:26:43.000Z</time>
      </trkpt>
      <trkpt lon="-7.914822" lat="38.544329">
        <ele>303</ele>
        <time>2026-08-23T18:26:44.000Z</time>
      </trkpt>
      <trkpt lon="-7.914698" lat="38.544254">
        <ele>303</ele>
        <time>2026-08-23T18:26:45.000Z</time>
      </trkpt>
      <trkpt lon="-7.914562" lat="38.544175">
        <ele>303</ele>
        <time>2026-08-23T18:26:46.000Z</time>
      </trkpt>
      <trkpt lon="-7.91442" lat="38.544088">
        <ele>303</ele>
        <time>2026-08-23T18:26:47.000Z</time>
      </trkpt>
      <trkpt lon="-7.914273" lat="38.544005">
        <ele>303</ele>
        <time>2026-08-23T18:26:48.000Z</time>
      </trkpt>
      <trkpt lon="-7.914152" lat="38.543935">
        <ele>303</ele>
        <time>2026-08-23T18:26:49.000Z</time>
      </trkpt>
      <trkpt lon="-7.914024" lat="38.543857">
        <ele>303</ele>
        <time>2026-08-23T18:26:50.000Z</time>
      </trkpt>
      <trkpt lon="-7.913873" lat="38.543767">
        <ele>303</ele>
        <time>2026-08-23T18:26:51.000Z</time>
      </trkpt>
      <trkpt lon="-7.913724" lat="38.543679">
        <ele>303</ele>
        <time>2026-08-23T18:26:52.000Z</time>
      </trkpt>
      <trkpt lon="-7.913605" lat="38.54361">
        <ele>303</ele>
        <time>2026-08-23T18:26:53.000Z</time>
      </trkpt>
      <trkpt lon="-7.91347" lat="38.543525">
        <ele>303</ele>
        <time>2026-08-23T18:26:54.000Z</time>
      </trkpt>
      <trkpt lon="-7.913335" lat="38.543452">
        <ele>303</ele>
        <time>2026-08-23T18:26:55.000Z</time>
      </trkpt>
      <trkpt lon="-7.913227" lat="38.543389">
        <ele>303</ele>
        <time>2026-08-23T18:26:56.000Z</time>
      </trkpt>
      <trkpt lon="-7.913097" lat="38.543313">
        <ele>303</ele>
        <time>2026-08-23T18:26:57.000Z</time>
      </trkpt>
      <trkpt lon="-7.912952" lat="38.543234">
        <ele>303</ele>
        <time>2026-08-23T18:26:58.000Z</time>
      </trkpt>
      <trkpt lon="-7.912809" lat="38.543142">
        <ele>303</ele>
        <time>2026-08-23T18:26:59.000Z</time>
      </trkpt>
      <trkpt lon="-7.912668" lat="38.54305">
        <ele>303</ele>
        <time>2026-08-23T18:27:00.000Z</time>
      </trkpt>
      <trkpt lon="-7.912539" lat="38.542987">
        <ele>303</ele>
        <time>2026-08-23T18:27:01.000Z</time>
      </trkpt>
      <trkpt lon="-7.912409" lat="38.542913">
        <ele>303</ele>
        <time>2026-08-23T18:27:02.000Z</time>
      </trkpt>
      <trkpt lon="-7.91226" lat="38.542826">
        <ele>303</ele>
        <time>2026-08-23T18:27:03.000Z</time>
      </trkpt>
      <trkpt lon="-7.912119" lat="38.542741">
        <ele>303</ele>
        <time>2026-08-23T18:27:04.000Z</time>
      </trkpt>
      <trkpt lon="-7.911997" lat="38.542669">
        <ele>303</ele>
        <time>2026-08-23T18:27:05.000Z</time>
      </trkpt>
      <trkpt lon="-7.911883" lat="38.5426">
        <ele>303</ele>
        <time>2026-08-23T18:27:06.000Z</time>
      </trkpt>
      <trkpt lon="-7.91177" lat="38.542535">
        <ele>303</ele>
        <time>2026-08-23T18:27:07.000Z</time>
      </trkpt>
      <trkpt lon="-7.911642" lat="38.54246">
        <ele>299</ele>
        <time>2026-08-23T18:27:08.000Z</time>
      </trkpt>
      <trkpt lon="-7.911507" lat="38.54238">
        <ele>299</ele>
        <time>2026-08-23T18:27:09.000Z</time>
      </trkpt>
      <trkpt lon="-7.911359" lat="38.542297">
        <ele>299</ele>
        <time>2026-08-23T18:27:10.000Z</time>
      </trkpt>
      <trkpt lon="-7.911231" lat="38.542212">
        <ele>299</ele>
        <time>2026-08-23T18:27:11.000Z</time>
      </trkpt>
      <trkpt lon="-7.911117" lat="38.542133">
        <ele>299</ele>
        <time>2026-08-23T18:27:12.000Z</time>
      </trkpt>
      <trkpt lon="-7.911003" lat="38.542061">
        <ele>299</ele>
        <time>2026-08-23T18:27:13.000Z</time>
      </trkpt>
      <trkpt lon="-7.910894" lat="38.541994">
        <ele>299</ele>
        <time>2026-08-23T18:27:14.000Z</time>
      </trkpt>
      <trkpt lon="-7.910797" lat="38.541932">
        <ele>299</ele>
        <time>2026-08-23T18:27:15.000Z</time>
      </trkpt>
      <trkpt lon="-7.910701" lat="38.541868">
        <ele>299</ele>
        <time>2026-08-23T18:27:16.000Z</time>
      </trkpt>
      <trkpt lon="-7.910538" lat="38.54175">
        <ele>299</ele>
        <time>2026-08-23T18:27:18.000Z</time>
      </trkpt>
      <trkpt lon="-7.91047" lat="38.541684">
        <ele>299</ele>
        <time>2026-08-23T18:27:19.000Z</time>
      </trkpt>
      <trkpt lon="-7.910434" lat="38.541623">
        <ele>299</ele>
        <time>2026-08-23T18:27:20.000Z</time>
      </trkpt>
      <trkpt lon="-7.910418" lat="38.541577">
        <ele>299</ele>
        <time>2026-08-23T18:27:21.000Z</time>
      </trkpt>
      <trkpt lon="-7.910395" lat="38.541521">
        <ele>299</ele>
        <time>2026-08-23T18:27:22.000Z</time>
      </trkpt>
      <trkpt lon="-7.910375" lat="38.541471">
        <ele>299</ele>
        <time>2026-08-23T18:27:23.000Z</time>
      </trkpt>
      <trkpt lon="-7.91036" lat="38.541401">
        <ele>299</ele>
        <time>2026-08-23T18:27:25.000Z</time>
      </trkpt>
      <trkpt lon="-7.91031" lat="38.541381">
        <ele>299</ele>
        <time>2026-08-23T18:27:28.000Z</time>
      </trkpt>
      <trkpt lon="-7.910314" lat="38.541383">
        <ele>299</ele>
        <time>2026-08-23T18:27:29.000Z</time>
      </trkpt>
      <trkpt lon="-7.910231" lat="38.541359">
        <ele>297</ele>
        <time>2026-08-23T18:28:37.000Z</time>
      </trkpt>
      <trkpt lon="-7.910156" lat="38.541349">
        <ele>297</ele>
        <time>2026-08-23T18:28:38.000Z</time>
      </trkpt>
      <trkpt lon="-7.910071" lat="38.541366">
        <ele>297</ele>
        <time>2026-08-23T18:28:39.000Z</time>
      </trkpt>
      <trkpt lon="-7.909992" lat="38.54142">
        <ele>297</ele>
        <time>2026-08-23T18:28:40.000Z</time>
      </trkpt>
      <trkpt lon="-7.909933" lat="38.541495">
        <ele>297</ele>
        <time>2026-08-23T18:28:41.000Z</time>
      </trkpt>
      <trkpt lon="-7.909918" lat="38.541552">
        <ele>297</ele>
        <time>2026-08-23T18:28:42.000Z</time>
      </trkpt>
      <trkpt lon="-7.909897" lat="38.541605">
        <ele>297</ele>
        <time>2026-08-23T18:28:43.000Z</time>
      </trkpt>
      <trkpt lon="-7.909877" lat="38.541669">
        <ele>297</ele>
        <time>2026-08-23T18:28:44.000Z</time>
      </trkpt>
      <trkpt lon="-7.909866" lat="38.54173">
        <ele>297</ele>
        <time>2026-08-23T18:28:45.000Z</time>
      </trkpt>
      <trkpt lon="-7.909837" lat="38.541785">
        <ele>297</ele>
        <time>2026-08-23T18:28:46.000Z</time>
      </trkpt>
      <trkpt lon="-7.909806" lat="38.541837">
        <ele>297</ele>
        <time>2026-08-23T18:28:47.000Z</time>
      </trkpt>
      <trkpt lon="-7.90977" lat="38.541882">
        <ele>297</ele>
        <time>2026-08-23T18:28:48.000Z</time>
      </trkpt>
      <trkpt lon="-7.909732" lat="38.541926">
        <ele>297</ele>
        <time>2026-08-23T18:28:49.000Z</time>
      </trkpt>
      <trkpt lon="-7.909695" lat="38.541966">
        <ele>297</ele>
        <time>2026-08-23T18:28:50.000Z</time>
      </trkpt>
      <trkpt lon="-7.909638" lat="38.542027">
        <ele>297</ele>
        <time>2026-08-23T18:28:52.000Z</time>
      </trkpt>
      <trkpt lon="-7.909586" lat="38.542082">
        <ele>297</ele>
        <time>2026-08-23T18:28:53.000Z</time>
      </trkpt>
      <trkpt lon="-7.909503" lat="38.54217">
        <ele>297</ele>
        <time>2026-08-23T18:28:54.000Z</time>
      </trkpt>
      <trkpt lon="-7.909455" lat="38.542227">
        <ele>297</ele>
        <time>2026-08-23T18:28:55.000Z</time>
      </trkpt>
      <trkpt lon="-7.90942" lat="38.542269">
        <ele>297</ele>
        <time>2026-08-23T18:28:56.000Z</time>
      </trkpt>
      <trkpt lon="-7.909386" lat="38.542309">
        <ele>297</ele>
        <time>2026-08-23T18:28:57.000Z</time>
      </trkpt>
      <trkpt lon="-7.909333" lat="38.542358">
        <ele>297</ele>
        <time>2026-08-23T18:28:59.000Z</time>
      </trkpt>
      <trkpt lon="-7.909252" lat="38.542457">
        <ele>297</ele>
        <time>2026-08-23T18:29:01.000Z</time>
      </trkpt>
      <trkpt lon="-7.909145" lat="38.542573">
        <ele>297</ele>
        <time>2026-08-23T18:29:02.000Z</time>
      </trkpt>
      <trkpt lon="-7.909069" lat="38.542646">
        <ele>297</ele>
        <time>2026-08-23T18:29:03.000Z</time>
      </trkpt>
      <trkpt lon="-7.908991" lat="38.542735">
        <ele>297</ele>
        <time>2026-08-23T18:29:05.000Z</time>
      </trkpt>
      <trkpt lon="-7.908933" lat="38.542791">
        <ele>297</ele>
        <time>2026-08-23T18:29:07.000Z</time>
      </trkpt>
      <trkpt lon="-7.908897" lat="38.542829">
        <ele>297</ele>
        <time>2026-08-23T18:29:08.000Z</time>
      </trkpt>
      <trkpt lon="-7.908859" lat="38.54287">
        <ele>297</ele>
        <time>2026-08-23T18:29:09.000Z</time>
      </trkpt>
      <trkpt lon="-7.908823" lat="38.542907">
        <ele>297</ele>
        <time>2026-08-23T18:29:10.000Z</time>
      </trkpt>
      <trkpt lon="-7.90873" lat="38.543009">
        <ele>297</ele>
        <time>2026-08-23T18:29:12.000Z</time>
      </trkpt>
      <trkpt lon="-7.908659" lat="38.543089">
        <ele>297</ele>
        <time>2026-08-23T18:29:13.000Z</time>
      </trkpt>
      <trkpt lon="-7.908619" lat="38.543139">
        <ele>297</ele>
        <time>2026-08-23T18:29:14.000Z</time>
      </trkpt>
      <trkpt lon="-7.908572" lat="38.543176">
        <ele>297</ele>
        <time>2026-08-23T18:29:15.000Z</time>
      </trkpt>
      <trkpt lon="-7.908515" lat="38.543237">
        <ele>297</ele>
        <time>2026-08-23T18:29:17.000Z</time>
      </trkpt>
      <trkpt lon="-7.908471" lat="38.54329">
        <ele>297</ele>
        <time>2026-08-23T18:29:18.000Z</time>
      </trkpt>
      <trkpt lon="-7.90842" lat="38.543329">
        <ele>297</ele>
        <time>2026-08-23T18:29:19.000Z</time>
      </trkpt>
      <trkpt lon="-7.908357" lat="38.543387">
        <ele>297</ele>
        <time>2026-08-23T18:29:20.000Z</time>
      </trkpt>
      <trkpt lon="-7.908266" lat="38.543482">
        <ele>297</ele>
        <time>2026-08-23T18:29:21.000Z</time>
      </trkpt>
      <trkpt lon="-7.908157" lat="38.543602">
        <ele>297</ele>
        <time>2026-08-23T18:29:22.000Z</time>
      </trkpt>
      <trkpt lon="-7.908031" lat="38.543739">
        <ele>297</ele>
        <time>2026-08-23T18:29:23.000Z</time>
      </trkpt>
      <trkpt lon="-7.907891" lat="38.543879">
        <ele>297</ele>
        <time>2026-08-23T18:29:24.000Z</time>
      </trkpt>
      <trkpt lon="-7.907743" lat="38.544022">
        <ele>297</ele>
        <time>2026-08-23T18:29:25.000Z</time>
      </trkpt>
      <trkpt lon="-7.90762" lat="38.544147">
        <ele>297</ele>
        <time>2026-08-23T18:29:26.000Z</time>
      </trkpt>
      <trkpt lon="-7.907496" lat="38.544262">
        <ele>297</ele>
        <time>2026-08-23T18:29:27.000Z</time>
      </trkpt>
      <trkpt lon="-7.907381" lat="38.544371">
        <ele>297</ele>
        <time>2026-08-23T18:29:28.000Z</time>
      </trkpt>
      <trkpt lon="-7.907274" lat="38.544486">
        <ele>297</ele>
        <time>2026-08-23T18:29:29.000Z</time>
      </trkpt>
      <trkpt lon="-7.907144" lat="38.544586">
        <ele>297</ele>
        <time>2026-08-23T18:29:30.000Z</time>
      </trkpt>
      <trkpt lon="-7.906975" lat="38.544664">
        <ele>297</ele>
        <time>2026-08-23T18:29:31.000Z</time>
      </trkpt>
      <trkpt lon="-7.906845" lat="38.544777">
        <ele>297</ele>
        <time>2026-08-23T18:29:32.000Z</time>
      </trkpt>
      <trkpt lon="-7.906773" lat="38.544941">
        <ele>297</ele>
        <time>2026-08-23T18:29:33.000Z</time>
      </trkpt>
      <trkpt lon="-7.906693" lat="38.54513">
        <ele>297</ele>
        <time>2026-08-23T18:29:34.000Z</time>
      </trkpt>
      <trkpt lon="-7.906528" lat="38.545314">
        <ele>297</ele>
        <time>2026-08-23T18:29:35.000Z</time>
      </trkpt>
      <trkpt lon="-7.906315" lat="38.545513">
        <ele>297</ele>
        <time>2026-08-23T18:29:36.000Z</time>
      </trkpt>
      <trkpt lon="-7.906132" lat="38.545727">
        <ele>297</ele>
        <time>2026-08-23T18:29:37.000Z</time>
      </trkpt>
      <trkpt lon="-7.905962" lat="38.545895">
        <ele>297</ele>
        <time>2026-08-23T18:29:38.000Z</time>
      </trkpt>
      <trkpt lon="-7.905793" lat="38.546063">
        <ele>297</ele>
        <time>2026-08-23T18:29:39.000Z</time>
      </trkpt>
      <trkpt lon="-7.90564" lat="38.546217">
        <ele>297</ele>
        <time>2026-08-23T18:29:40.000Z</time>
      </trkpt>
      <trkpt lon="-7.905474" lat="38.546382">
        <ele>297</ele>
        <time>2026-08-23T18:29:41.000Z</time>
      </trkpt>
      <trkpt lon="-7.905323" lat="38.546524">
        <ele>298</ele>
        <time>2026-08-23T18:29:42.000Z</time>
      </trkpt>
      <trkpt lon="-7.905182" lat="38.546661">
        <ele>298</ele>
        <time>2026-08-23T18:29:43.000Z</time>
      </trkpt>
      <trkpt lon="-7.905031" lat="38.54681">
        <ele>298</ele>
        <time>2026-08-23T18:29:44.000Z</time>
      </trkpt>
      <trkpt lon="-7.904893" lat="38.546952">
        <ele>298</ele>
        <time>2026-08-23T18:29:45.000Z</time>
      </trkpt>
      <trkpt lon="-7.904768" lat="38.547083">
        <ele>298</ele>
        <time>2026-08-23T18:29:46.000Z</time>
      </trkpt>
      <trkpt lon="-7.904644" lat="38.547205">
        <ele>298</ele>
        <time>2026-08-23T18:29:47.000Z</time>
      </trkpt>
      <trkpt lon="-7.904524" lat="38.547324">
        <ele>298</ele>
        <time>2026-08-23T18:29:48.000Z</time>
      </trkpt>
      <trkpt lon="-7.904416" lat="38.547439">
        <ele>298</ele>
        <time>2026-08-23T18:29:49.000Z</time>
      </trkpt>
      <trkpt lon="-7.904313" lat="38.547544">
        <ele>298</ele>
        <time>2026-08-23T18:29:50.000Z</time>
      </trkpt>
      <trkpt lon="-7.904215" lat="38.547641">
        <ele>298</ele>
        <time>2026-08-23T18:29:51.000Z</time>
      </trkpt>
      <trkpt lon="-7.904124" lat="38.547736">
        <ele>298</ele>
        <time>2026-08-23T18:29:52.000Z</time>
      </trkpt>
      <trkpt lon="-7.904035" lat="38.547832">
        <ele>298</ele>
        <time>2026-08-23T18:29:53.000Z</time>
      </trkpt>
      <trkpt lon="-7.903947" lat="38.547922">
        <ele>298</ele>
        <time>2026-08-23T18:29:54.000Z</time>
      </trkpt>
      <trkpt lon="-7.903858" lat="38.548012">
        <ele>298</ele>
        <time>2026-08-23T18:29:55.000Z</time>
      </trkpt>
      <trkpt lon="-7.903777" lat="38.548105">
        <ele>298</ele>
        <time>2026-08-23T18:29:56.000Z</time>
      </trkpt>
      <trkpt lon="-7.903703" lat="38.548187">
        <ele>298</ele>
        <time>2026-08-23T18:29:57.000Z</time>
      </trkpt>
      <trkpt lon="-7.903557" lat="38.5483">
        <ele>298</ele>
        <time>2026-08-23T18:29:59.000Z</time>
      </trkpt>
      <trkpt lon="-7.90346" lat="38.548308">
        <ele>298</ele>
        <time>2026-08-23T18:30:00.000Z</time>
      </trkpt>
      <trkpt lon="-7.903379" lat="38.548269">
        <ele>298</ele>
        <time>2026-08-23T18:30:01.000Z</time>
      </trkpt>
      <trkpt lon="-7.903314" lat="38.548194">
        <ele>298</ele>
        <time>2026-08-23T18:30:02.000Z</time>
      </trkpt>
      <trkpt lon="-7.903256" lat="38.548106">
        <ele>298</ele>
        <time>2026-08-23T18:30:03.000Z</time>
      </trkpt>
      <trkpt lon="-7.90321" lat="38.547989">
        <ele>298</ele>
        <time>2026-08-23T18:30:04.000Z</time>
      </trkpt>
      <trkpt lon="-7.90318" lat="38.547863">
        <ele>298</ele>
        <time>2026-08-23T18:30:05.000Z</time>
      </trkpt>
      <trkpt lon="-7.903131" lat="38.547733">
        <ele>298</ele>
        <time>2026-08-23T18:30:06.000Z</time>
      </trkpt>
      <trkpt lon="-7.903087" lat="38.547608">
        <ele>298</ele>
        <time>2026-08-23T18:30:07.000Z</time>
      </trkpt>
      <trkpt lon="-7.90304" lat="38.54749">
        <ele>298</ele>
        <time>2026-08-23T18:30:08.000Z</time>
      </trkpt>
      <trkpt lon="-7.902988" lat="38.547367">
        <ele>298</ele>
        <time>2026-08-23T18:30:09.000Z</time>
      </trkpt>
      <trkpt lon="-7.902938" lat="38.547249">
        <ele>298</ele>
        <time>2026-08-23T18:30:10.000Z</time>
      </trkpt>
      <trkpt lon="-7.902896" lat="38.547125">
        <ele>298</ele>
        <time>2026-08-23T18:30:11.000Z</time>
      </trkpt>
      <trkpt lon="-7.902843" lat="38.547005">
        <ele>298</ele>
        <time>2026-08-23T18:30:12.000Z</time>
      </trkpt>
      <trkpt lon="-7.9028" lat="38.546893">
        <ele>298</ele>
        <time>2026-08-23T18:30:13.000Z</time>
      </trkpt>
      <trkpt lon="-7.902764" lat="38.546795">
        <ele>298</ele>
        <time>2026-08-23T18:30:14.000Z</time>
      </trkpt>
      <trkpt lon="-7.902732" lat="38.546707">
        <ele>298</ele>
        <time>2026-08-23T18:30:15.000Z</time>
      </trkpt>
      <trkpt lon="-7.902656" lat="38.546531">
        <ele>298</ele>
        <time>2026-08-23T18:30:17.000Z</time>
      </trkpt>
      <trkpt lon="-7.902622" lat="38.546435">
        <ele>298</ele>
        <time>2026-08-23T18:30:18.000Z</time>
      </trkpt>
      <trkpt lon="-7.902576" lat="38.54635">
        <ele>298</ele>
        <time>2026-08-23T18:30:19.000Z</time>
      </trkpt>
      <trkpt lon="-7.902518" lat="38.546196">
        <ele>298</ele>
        <time>2026-08-23T18:30:21.000Z</time>
      </trkpt>
      <trkpt lon="-7.902485" lat="38.54612">
        <ele>298</ele>
        <time>2026-08-23T18:30:22.000Z</time>
      </trkpt>
      <trkpt lon="-7.902458" lat="38.54604">
        <ele>298</ele>
        <time>2026-08-23T18:30:23.000Z</time>
      </trkpt>
      <trkpt lon="-7.902423" lat="38.545964">
        <ele>298</ele>
        <time>2026-08-23T18:30:24.000Z</time>
      </trkpt>
      <trkpt lon="-7.90239" lat="38.545887">
        <ele>298</ele>
        <time>2026-08-23T18:30:25.000Z</time>
      </trkpt>
      <trkpt lon="-7.90236" lat="38.545811">
        <ele>298</ele>
        <time>2026-08-23T18:30:26.000Z</time>
      </trkpt>
      <trkpt lon="-7.902331" lat="38.545732">
        <ele>298</ele>
        <time>2026-08-23T18:30:27.000Z</time>
      </trkpt>
      <trkpt lon="-7.902289" lat="38.545646">
        <ele>298</ele>
        <time>2026-08-23T18:30:28.000Z</time>
      </trkpt>
      <trkpt lon="-7.902258" lat="38.545552">
        <ele>292</ele>
        <time>2026-08-23T18:30:29.000Z</time>
      </trkpt>
      <trkpt lon="-7.902216" lat="38.545452">
        <ele>292</ele>
        <time>2026-08-23T18:30:30.000Z</time>
      </trkpt>
      <trkpt lon="-7.902172" lat="38.545342">
        <ele>292</ele>
        <time>2026-08-23T18:30:31.000Z</time>
      </trkpt>
      <trkpt lon="-7.902134" lat="38.545249">
        <ele>292</ele>
        <time>2026-08-23T18:30:32.000Z</time>
      </trkpt>
      <trkpt lon="-7.902087" lat="38.545146">
        <ele>292</ele>
        <time>2026-08-23T18:30:33.000Z</time>
      </trkpt>
      <trkpt lon="-7.902047" lat="38.545032">
        <ele>292</ele>
        <time>2026-08-23T18:30:34.000Z</time>
      </trkpt>
      <trkpt lon="-7.901996" lat="38.544915">
        <ele>292</ele>
        <time>2026-08-23T18:30:35.000Z</time>
      </trkpt>
      <trkpt lon="-7.901954" lat="38.5448">
        <ele>292</ele>
        <time>2026-08-23T18:30:36.000Z</time>
      </trkpt>
      <trkpt lon="-7.901911" lat="38.544694">
        <ele>292</ele>
        <time>2026-08-23T18:30:37.000Z</time>
      </trkpt>
      <trkpt lon="-7.901868" lat="38.544588">
        <ele>292</ele>
        <time>2026-08-23T18:30:38.000Z</time>
      </trkpt>
      <trkpt lon="-7.901818" lat="38.544477">
        <ele>292</ele>
        <time>2026-08-23T18:30:39.000Z</time>
      </trkpt>
      <trkpt lon="-7.901777" lat="38.544363">
        <ele>292</ele>
        <time>2026-08-23T18:30:40.000Z</time>
      </trkpt>
      <trkpt lon="-7.901732" lat="38.544258">
        <ele>292</ele>
        <time>2026-08-23T18:30:41.000Z</time>
      </trkpt>
      <trkpt lon="-7.901679" lat="38.544139">
        <ele>292</ele>
        <time>2026-08-23T18:30:42.000Z</time>
      </trkpt>
      <trkpt lon="-7.901624" lat="38.544018">
        <ele>292</ele>
        <time>2026-08-23T18:30:43.000Z</time>
      </trkpt>
      <trkpt lon="-7.901586" lat="38.543906">
        <ele>292</ele>
        <time>2026-08-23T18:30:44.000Z</time>
      </trkpt>
      <trkpt lon="-7.901546" lat="38.543791">
        <ele>292</ele>
        <time>2026-08-23T18:30:45.000Z</time>
      </trkpt>
      <trkpt lon="-7.901489" lat="38.543673">
        <ele>292</ele>
        <time>2026-08-23T18:30:46.000Z</time>
      </trkpt>
      <trkpt lon="-7.901443" lat="38.543561">
        <ele>292</ele>
        <time>2026-08-23T18:30:47.000Z</time>
      </trkpt>
      <trkpt lon="-7.901398" lat="38.54344">
        <ele>292</ele>
        <time>2026-08-23T18:30:48.000Z</time>
      </trkpt>
      <trkpt lon="-7.901348" lat="38.543318">
        <ele>292</ele>
        <time>2026-08-23T18:30:49.000Z</time>
      </trkpt>
      <trkpt lon="-7.901299" lat="38.543203">
        <ele>292</ele>
        <time>2026-08-23T18:30:50.000Z</time>
      </trkpt>
      <trkpt lon="-7.901254" lat="38.543088">
        <ele>292</ele>
        <time>2026-08-23T18:30:51.000Z</time>
      </trkpt>
      <trkpt lon="-7.901203" lat="38.542971">
        <ele>291</ele>
        <time>2026-08-23T18:30:52.000Z</time>
      </trkpt>
      <trkpt lon="-7.901156" lat="38.542845">
        <ele>291</ele>
        <time>2026-08-23T18:30:53.000Z</time>
      </trkpt>
      <trkpt lon="-7.901093" lat="38.542726">
        <ele>291</ele>
        <time>2026-08-23T18:30:54.000Z</time>
      </trkpt>
      <trkpt lon="-7.901033" lat="38.542612">
        <ele>291</ele>
        <time>2026-08-23T18:30:55.000Z</time>
      </trkpt>
      <trkpt lon="-7.900975" lat="38.542495">
        <ele>291</ele>
        <time>2026-08-23T18:30:56.000Z</time>
      </trkpt>
      <trkpt lon="-7.900906" lat="38.542377">
        <ele>291</ele>
        <time>2026-08-23T18:30:57.000Z</time>
      </trkpt>
      <trkpt lon="-7.900858" lat="38.54227">
        <ele>291</ele>
        <time>2026-08-23T18:30:58.000Z</time>
      </trkpt>
      <trkpt lon="-7.900802" lat="38.542151">
        <ele>291</ele>
        <time>2026-08-23T18:30:59.000Z</time>
      </trkpt>
      <trkpt lon="-7.900739" lat="38.542039">
        <ele>291</ele>
        <time>2026-08-23T18:31:00.000Z</time>
      </trkpt>
      <trkpt lon="-7.90064" lat="38.54194">
        <ele>291</ele>
        <time>2026-08-23T18:31:01.000Z</time>
      </trkpt>
      <trkpt lon="-7.900575" lat="38.541854">
        <ele>291</ele>
        <time>2026-08-23T18:31:02.000Z</time>
      </trkpt>
      <trkpt lon="-7.900467" lat="38.541711">
        <ele>291</ele>
        <time>2026-08-23T18:31:04.000Z</time>
      </trkpt>
      <trkpt lon="-7.900423" lat="38.54165">
        <ele>291</ele>
        <time>2026-08-23T18:31:05.000Z</time>
      </trkpt>
      <trkpt lon="-7.900373" lat="38.5416">
        <ele>291</ele>
        <time>2026-08-23T18:31:06.000Z</time>
      </trkpt>
      <trkpt lon="-7.900322" lat="38.541556">
        <ele>291</ele>
        <time>2026-08-23T18:31:07.000Z</time>
      </trkpt>
      <trkpt lon="-7.900271" lat="38.541507">
        <ele>291</ele>
        <time>2026-08-23T18:31:08.000Z</time>
      </trkpt>
      <trkpt lon="-7.900236" lat="38.541435">
        <ele>291</ele>
        <time>2026-08-23T18:31:09.000Z</time>
      </trkpt>
      <trkpt lon="-7.900223" lat="38.54135">
        <ele>291</ele>
        <time>2026-08-23T18:31:10.000Z</time>
      </trkpt>
      <trkpt lon="-7.900234" lat="38.541259">
        <ele>291</ele>
        <time>2026-08-23T18:31:11.000Z</time>
      </trkpt>
      <trkpt lon="-7.900165" lat="38.54109">
        <ele>291</ele>
        <time>2026-08-23T18:31:13.000Z</time>
      </trkpt>
      <trkpt lon="-7.900044" lat="38.541049">
        <ele>291</ele>
        <time>2026-08-23T18:31:14.000Z</time>
      </trkpt>
      <trkpt lon="-7.899921" lat="38.541052">
        <ele>291</ele>
        <time>2026-08-23T18:31:15.000Z</time>
      </trkpt>
      <trkpt lon="-7.899795" lat="38.541105">
        <ele>291</ele>
        <time>2026-08-23T18:31:16.000Z</time>
      </trkpt>
      <trkpt lon="-7.899658" lat="38.541189">
        <ele>291</ele>
        <time>2026-08-23T18:31:17.000Z</time>
      </trkpt>
      <trkpt lon="-7.899469" lat="38.541236">
        <ele>291</ele>
        <time>2026-08-23T18:31:18.000Z</time>
      </trkpt>
      <trkpt lon="-7.899224" lat="38.541247">
        <ele>291</ele>
        <time>2026-08-23T18:31:19.000Z</time>
      </trkpt>
      <trkpt lon="-7.898991" lat="38.541268">
        <ele>291</ele>
        <time>2026-08-23T18:31:20.000Z</time>
      </trkpt>
      <trkpt lon="-7.898797" lat="38.541289">
        <ele>291</ele>
        <time>2026-08-23T18:31:21.000Z</time>
      </trkpt>
      <trkpt lon="-7.898618" lat="38.541298">
        <ele>291</ele>
        <time>2026-08-23T18:31:22.000Z</time>
      </trkpt>
      <trkpt lon="-7.898449" lat="38.541312">
        <ele>291</ele>
        <time>2026-08-23T18:31:23.000Z</time>
      </trkpt>
      <trkpt lon="-7.898278" lat="38.541328">
        <ele>291</ele>
        <time>2026-08-23T18:31:24.000Z</time>
      </trkpt>
      <trkpt lon="-7.898072" lat="38.541344">
        <ele>291</ele>
        <time>2026-08-23T18:31:25.000Z</time>
      </trkpt>
      <trkpt lon="-7.897863" lat="38.541362">
        <ele>291</ele>
        <time>2026-08-23T18:31:26.000Z</time>
      </trkpt>
      <trkpt lon="-7.897683" lat="38.541374">
        <ele>291</ele>
        <time>2026-08-23T18:31:27.000Z</time>
      </trkpt>
      <trkpt lon="-7.897521" lat="38.541388">
        <ele>291</ele>
        <time>2026-08-23T18:31:28.000Z</time>
      </trkpt>
      <trkpt lon="-7.897365" lat="38.541407">
        <ele>291</ele>
        <time>2026-08-23T18:31:29.000Z</time>
      </trkpt>
      <trkpt lon="-7.897228" lat="38.541416">
        <ele>291</ele>
        <time>2026-08-23T18:31:30.000Z</time>
      </trkpt>
      <trkpt lon="-7.897092" lat="38.541425">
        <ele>291</ele>
        <time>2026-08-23T18:31:31.000Z</time>
      </trkpt>
      <trkpt lon="-7.896929" lat="38.54143">
        <ele>291</ele>
        <time>2026-08-23T18:31:32.000Z</time>
      </trkpt>
      <trkpt lon="-7.896789" lat="38.541437">
        <ele>291</ele>
        <time>2026-08-23T18:31:33.000Z</time>
      </trkpt>
      <trkpt lon="-7.896656" lat="38.541454">
        <ele>291</ele>
        <time>2026-08-23T18:31:34.000Z</time>
      </trkpt>
      <trkpt lon="-7.896506" lat="38.54147">
        <ele>291</ele>
        <time>2026-08-23T18:31:35.000Z</time>
      </trkpt>
      <trkpt lon="-7.896355" lat="38.541483">
        <ele>291</ele>
        <time>2026-08-23T18:31:36.000Z</time>
      </trkpt>
      <trkpt lon="-7.896217" lat="38.541499">
        <ele>291</ele>
        <time>2026-08-23T18:31:37.000Z</time>
      </trkpt>
      <trkpt lon="-7.896093" lat="38.541511">
        <ele>291</ele>
        <time>2026-08-23T18:31:38.000Z</time>
      </trkpt>
      <trkpt lon="-7.895948" lat="38.541523">
        <ele>291</ele>
        <time>2026-08-23T18:31:39.000Z</time>
      </trkpt>
      <trkpt lon="-7.895807" lat="38.54153">
        <ele>291</ele>
        <time>2026-08-23T18:31:40.000Z</time>
      </trkpt>
      <trkpt lon="-7.895673" lat="38.541535">
        <ele>291</ele>
        <time>2026-08-23T18:31:41.000Z</time>
      </trkpt>
      <trkpt lon="-7.89554" lat="38.541542">
        <ele>291</ele>
        <time>2026-08-23T18:31:42.000Z</time>
      </trkpt>
      <trkpt lon="-7.89542" lat="38.541537">
        <ele>291</ele>
        <time>2026-08-23T18:31:43.000Z</time>
      </trkpt>
      <trkpt lon="-7.895301" lat="38.54149">
        <ele>291</ele>
        <time>2026-08-23T18:31:44.000Z</time>
      </trkpt>
      <trkpt lon="-7.895195" lat="38.541422">
        <ele>291</ele>
        <time>2026-08-23T18:31:45.000Z</time>
      </trkpt>
      <trkpt lon="-7.895077" lat="38.541394">
        <ele>291</ele>
        <time>2026-08-23T18:31:46.000Z</time>
      </trkpt>
      <trkpt lon="-7.894921" lat="38.541458">
        <ele>291</ele>
        <time>2026-08-23T18:31:47.000Z</time>
      </trkpt>
      <trkpt lon="-7.894789" lat="38.541535">
        <ele>291</ele>
        <time>2026-08-23T18:31:48.000Z</time>
      </trkpt>
      <trkpt lon="-7.894661" lat="38.541624">
        <ele>291</ele>
        <time>2026-08-23T18:31:49.000Z</time>
      </trkpt>
      <trkpt lon="-7.894445" lat="38.541648">
        <ele>291</ele>
        <time>2026-08-23T18:31:50.000Z</time>
      </trkpt>
      <trkpt lon="-7.89422" lat="38.541647">
        <ele>291</ele>
        <time>2026-08-23T18:31:51.000Z</time>
      </trkpt>
      <trkpt lon="-7.894033" lat="38.541666">
        <ele>291</ele>
        <time>2026-08-23T18:31:52.000Z</time>
      </trkpt>
      <trkpt lon="-7.893867" lat="38.541684">
        <ele>291</ele>
        <time>2026-08-23T18:31:53.000Z</time>
      </trkpt>
      <trkpt lon="-7.893677" lat="38.541697">
        <ele>291</ele>
        <time>2026-08-23T18:31:54.000Z</time>
      </trkpt>
      <trkpt lon="-7.893457" lat="38.541712">
        <ele>291</ele>
        <time>2026-08-23T18:31:55.000Z</time>
      </trkpt>
      <trkpt lon="-7.893236" lat="38.541733">
        <ele>291</ele>
        <time>2026-08-23T18:31:56.000Z</time>
      </trkpt>
      <trkpt lon="-7.893018" lat="38.541751">
        <ele>291</ele>
        <time>2026-08-23T18:31:57.000Z</time>
      </trkpt>
      <trkpt lon="-7.89282" lat="38.541761">
        <ele>291</ele>
        <time>2026-08-23T18:31:58.000Z</time>
      </trkpt>
      <trkpt lon="-7.89259" lat="38.541786">
        <ele>291</ele>
        <time>2026-08-23T18:31:59.000Z</time>
      </trkpt>
      <trkpt lon="-7.892373" lat="38.541799">
        <ele>291</ele>
        <time>2026-08-23T18:32:00.000Z</time>
      </trkpt>
      <trkpt lon="-7.892162" lat="38.541818">
        <ele>291</ele>
        <time>2026-08-23T18:32:01.000Z</time>
      </trkpt>
      <trkpt lon="-7.891917" lat="38.541834">
        <ele>291</ele>
        <time>2026-08-23T18:32:02.000Z</time>
      </trkpt>
      <trkpt lon="-7.891664" lat="38.541862">
        <ele>291</ele>
        <time>2026-08-23T18:32:03.000Z</time>
      </trkpt>
      <trkpt lon="-7.891403" lat="38.541878">
        <ele>291</ele>
        <time>2026-08-23T18:32:04.000Z</time>
      </trkpt>
      <trkpt lon="-7.891144" lat="38.541898">
        <ele>291</ele>
        <time>2026-08-23T18:32:05.000Z</time>
      </trkpt>
      <trkpt lon="-7.890871" lat="38.541918">
        <ele>291</ele>
        <time>2026-08-23T18:32:06.000Z</time>
      </trkpt>
      <trkpt lon="-7.890607" lat="38.541945">
        <ele>291</ele>
        <time>2026-08-23T18:32:07.000Z</time>
      </trkpt>
      <trkpt lon="-7.890365" lat="38.541966">
        <ele>291</ele>
        <time>2026-08-23T18:32:08.000Z</time>
      </trkpt>
      <trkpt lon="-7.890113" lat="38.541988">
        <ele>291</ele>
        <time>2026-08-23T18:32:09.000Z</time>
      </trkpt>
      <trkpt lon="-7.889864" lat="38.542006">
        <ele>291</ele>
        <time>2026-08-23T18:32:10.000Z</time>
      </trkpt>
      <trkpt lon="-7.889612" lat="38.542027">
        <ele>291</ele>
        <time>2026-08-23T18:32:11.000Z</time>
      </trkpt>
      <trkpt lon="-7.889386" lat="38.542043">
        <ele>291</ele>
        <time>2026-08-23T18:32:12.000Z</time>
      </trkpt>
      <trkpt lon="-7.889161" lat="38.542061">
        <ele>291</ele>
        <time>2026-08-23T18:32:13.000Z</time>
      </trkpt>
      <trkpt lon="-7.888925" lat="38.54208">
        <ele>291</ele>
        <time>2026-08-23T18:32:14.000Z</time>
      </trkpt>
      <trkpt lon="-7.888684" lat="38.542102">
        <ele>291</ele>
        <time>2026-08-23T18:32:15.000Z</time>
      </trkpt>
      <trkpt lon="-7.888439" lat="38.54212">
        <ele>291</ele>
        <time>2026-08-23T18:32:16.000Z</time>
      </trkpt>
      <trkpt lon="-7.888188" lat="38.542143">
        <ele>291</ele>
        <time>2026-08-23T18:32:17.000Z</time>
      </trkpt>
      <trkpt lon="-7.887948" lat="38.542165">
        <ele>301</ele>
        <time>2026-08-23T18:32:18.000Z</time>
      </trkpt>
      <trkpt lon="-7.887732" lat="38.542181">
        <ele>301</ele>
        <time>2026-08-23T18:32:19.000Z</time>
      </trkpt>
      <trkpt lon="-7.887544" lat="38.542193">
        <ele>301</ele>
        <time>2026-08-23T18:32:20.000Z</time>
      </trkpt>
      <trkpt lon="-7.887366" lat="38.542204">
        <ele>302</ele>
        <time>2026-08-23T18:32:21.000Z</time>
      </trkpt>
      <trkpt lon="-7.887202" lat="38.542215">
        <ele>302</ele>
        <time>2026-08-23T18:32:22.000Z</time>
      </trkpt>
      <trkpt lon="-7.887059" lat="38.542226">
        <ele>302</ele>
        <time>2026-08-23T18:32:23.000Z</time>
      </trkpt>
      <trkpt lon="-7.886922" lat="38.542242">
        <ele>302</ele>
        <time>2026-08-23T18:32:24.000Z</time>
      </trkpt>
      <trkpt lon="-7.886796" lat="38.542246">
        <ele>303</ele>
        <time>2026-08-23T18:32:25.000Z</time>
      </trkpt>
      <trkpt lon="-7.886679" lat="38.542224">
        <ele>302</ele>
        <time>2026-08-23T18:32:26.000Z</time>
      </trkpt>
      <trkpt lon="-7.886573" lat="38.542183">
        <ele>302</ele>
        <time>2026-08-23T18:32:27.000Z</time>
      </trkpt>
      <trkpt lon="-7.886459" lat="38.542136">
        <ele>302</ele>
        <time>2026-08-23T18:32:28.000Z</time>
      </trkpt>
      <trkpt lon="-7.88633" lat="38.542113">
        <ele>302</ele>
        <time>2026-08-23T18:32:29.000Z</time>
      </trkpt>
      <trkpt lon="-7.886203" lat="38.542149">
        <ele>302</ele>
        <time>2026-08-23T18:32:30.000Z</time>
      </trkpt>
      <trkpt lon="-7.886067" lat="38.542175">
        <ele>302</ele>
        <time>2026-08-23T18:32:31.000Z</time>
      </trkpt>
      <trkpt lon="-7.8862" lat="38.542497">
        <ele>302</ele>
        <time>2026-08-23T18:32:33.000Z</time>
      </trkpt>
      <trkpt lon="-7.88626" lat="38.542603">
        <ele>301</ele>
        <time>2026-08-23T18:32:34.000Z</time>
      </trkpt>
      <trkpt lon="-7.886269" lat="38.542762">
        <ele>301</ele>
        <time>2026-08-23T18:32:35.000Z</time>
      </trkpt>
      <trkpt lon="-7.886237" lat="38.542934">
        <ele>301</ele>
        <time>2026-08-23T18:32:36.000Z</time>
      </trkpt>
      <trkpt lon="-7.886227" lat="38.543107">
        <ele>301</ele>
        <time>2026-08-23T18:32:37.000Z</time>
      </trkpt>
      <trkpt lon="-7.886244" lat="38.543295">
        <ele>302</ele>
        <time>2026-08-23T18:32:38.000Z</time>
      </trkpt>
      <trkpt lon="-7.886238" lat="38.543489">
        <ele>302</ele>
        <time>2026-08-23T18:32:39.000Z</time>
      </trkpt>
      <trkpt lon="-7.886211" lat="38.543659">
        <ele>302</ele>
        <time>2026-08-23T18:32:40.000Z</time>
      </trkpt>
      <trkpt lon="-7.886192" lat="38.543824">
        <ele>302</ele>
        <time>2026-08-23T18:32:41.000Z</time>
      </trkpt>
      <trkpt lon="-7.886189" lat="38.543995">
        <ele>302</ele>
        <time>2026-08-23T18:32:42.000Z</time>
      </trkpt>
      <trkpt lon="-7.886173" lat="38.544173">
        <ele>302</ele>
        <time>2026-08-23T18:32:43.000Z</time>
      </trkpt>
      <trkpt lon="-7.886148" lat="38.544349">
        <ele>302</ele>
        <time>2026-08-23T18:32:44.000Z</time>
      </trkpt>
      <trkpt lon="-7.886132" lat="38.544533">
        <ele>303</ele>
        <time>2026-08-23T18:32:45.000Z</time>
      </trkpt>
      <trkpt lon="-7.886115" lat="38.54472">
        <ele>303</ele>
        <time>2026-08-23T18:32:46.000Z</time>
      </trkpt>
      <trkpt lon="-7.8861" lat="38.544883">
        <ele>303</ele>
        <time>2026-08-23T18:32:47.000Z</time>
      </trkpt>
      <trkpt lon="-7.886085" lat="38.54504">
        <ele>303</ele>
        <time>2026-08-23T18:32:48.000Z</time>
      </trkpt>
      <trkpt lon="-7.886066" lat="38.545212">
        <ele>303</ele>
        <time>2026-08-23T18:32:49.000Z</time>
      </trkpt>
      <trkpt lon="-7.886049" lat="38.545384">
        <ele>303</ele>
        <time>2026-08-23T18:32:50.000Z</time>
      </trkpt>
      <trkpt lon="-7.886034" lat="38.545563">
        <ele>303</ele>
        <time>2026-08-23T18:32:51.000Z</time>
      </trkpt>
      <trkpt lon="-7.886021" lat="38.545745">
        <ele>303</ele>
        <time>2026-08-23T18:32:52.000Z</time>
      </trkpt>
      <trkpt lon="-7.886004" lat="38.545936">
        <ele>303</ele>
        <time>2026-08-23T18:32:53.000Z</time>
      </trkpt>
      <trkpt lon="-7.885986" lat="38.546126">
        <ele>303</ele>
        <time>2026-08-23T18:32:54.000Z</time>
      </trkpt>
      <trkpt lon="-7.88597" lat="38.546315">
        <ele>302</ele>
        <time>2026-08-23T18:32:55.000Z</time>
      </trkpt>
      <trkpt lon="-7.885959" lat="38.546501">
        <ele>302</ele>
        <time>2026-08-23T18:32:56.000Z</time>
      </trkpt>
      <trkpt lon="-7.88594" lat="38.546687">
        <ele>301</ele>
        <time>2026-08-23T18:32:57.000Z</time>
      </trkpt>
      <trkpt lon="-7.885921" lat="38.546865">
        <ele>301</ele>
        <time>2026-08-23T18:32:58.000Z</time>
      </trkpt>
      <trkpt lon="-7.885904" lat="38.547041">
        <ele>301</ele>
        <time>2026-08-23T18:32:59.000Z</time>
      </trkpt>
      <trkpt lon="-7.885886" lat="38.547222">
        <ele>299</ele>
        <time>2026-08-23T18:33:00.000Z</time>
      </trkpt>
      <trkpt lon="-7.885868" lat="38.547407">
        <ele>299</ele>
        <time>2026-08-23T18:33:01.000Z</time>
      </trkpt>
      <trkpt lon="-7.885851" lat="38.54759">
        <ele>298</ele>
        <time>2026-08-23T18:33:02.000Z</time>
      </trkpt>
      <trkpt lon="-7.885835" lat="38.54778">
        <ele>298</ele>
        <time>2026-08-23T18:33:03.000Z</time>
      </trkpt>
      <trkpt lon="-7.885804" lat="38.547967">
        <ele>298</ele>
        <time>2026-08-23T18:33:04.000Z</time>
      </trkpt>
      <trkpt lon="-7.885794" lat="38.548157">
        <ele>299</ele>
        <time>2026-08-23T18:33:05.000Z</time>
      </trkpt>
      <trkpt lon="-7.885774" lat="38.548348">
        <ele>299</ele>
        <time>2026-08-23T18:33:06.000Z</time>
      </trkpt>
      <trkpt lon="-7.885753" lat="38.548542">
        <ele>299</ele>
        <time>2026-08-23T18:33:07.000Z</time>
      </trkpt>
      <trkpt lon="-7.885733" lat="38.548733">
        <ele>299</ele>
        <time>2026-08-23T18:33:08.000Z</time>
      </trkpt>
      <trkpt lon="-7.885718" lat="38.548926">
        <ele>299</ele>
        <time>2026-08-23T18:33:09.000Z</time>
      </trkpt>
      <trkpt lon="-7.885706" lat="38.549104">
        <ele>299</ele>
        <time>2026-08-23T18:33:10.000Z</time>
      </trkpt>
      <trkpt lon="-7.88569" lat="38.54929">
        <ele>299</ele>
        <time>2026-08-23T18:33:11.000Z</time>
      </trkpt>
      <trkpt lon="-7.885669" lat="38.549482">
        <ele>299</ele>
        <time>2026-08-23T18:33:12.000Z</time>
      </trkpt>
      <trkpt lon="-7.885653" lat="38.549676">
        <ele>299</ele>
        <time>2026-08-23T18:33:13.000Z</time>
      </trkpt>
      <trkpt lon="-7.885632" lat="38.549875">
        <ele>298</ele>
        <time>2026-08-23T18:33:14.000Z</time>
      </trkpt>
      <trkpt lon="-7.885615" lat="38.55006">
        <ele>298</ele>
        <time>2026-08-23T18:33:15.000Z</time>
      </trkpt>
      <trkpt lon="-7.8856" lat="38.550246">
        <ele>297</ele>
        <time>2026-08-23T18:33:16.000Z</time>
      </trkpt>
      <trkpt lon="-7.885581" lat="38.550437">
        <ele>295</ele>
        <time>2026-08-23T18:33:17.000Z</time>
      </trkpt>
      <trkpt lon="-7.885559" lat="38.550626">
        <ele>295</ele>
        <time>2026-08-23T18:33:18.000Z</time>
      </trkpt>
      <trkpt lon="-7.885541" lat="38.550826">
        <ele>295</ele>
        <time>2026-08-23T18:33:19.000Z</time>
      </trkpt>
      <trkpt lon="-7.885527" lat="38.55102">
        <ele>295</ele>
        <time>2026-08-23T18:33:20.000Z</time>
      </trkpt>
      <trkpt lon="-7.885516" lat="38.551197">
        <ele>295</ele>
        <time>2026-08-23T18:33:21.000Z</time>
      </trkpt>
      <trkpt lon="-7.8855" lat="38.551381">
        <ele>295</ele>
        <time>2026-08-23T18:33:22.000Z</time>
      </trkpt>
      <trkpt lon="-7.885478" lat="38.551567">
        <ele>295</ele>
        <time>2026-08-23T18:33:23.000Z</time>
      </trkpt>
      <trkpt lon="-7.885456" lat="38.551753">
        <ele>295</ele>
        <time>2026-08-23T18:33:24.000Z</time>
      </trkpt>
      <trkpt lon="-7.885436" lat="38.551945">
        <ele>295</ele>
        <time>2026-08-23T18:33:25.000Z</time>
      </trkpt>
      <trkpt lon="-7.885415" lat="38.552134">
        <ele>295</ele>
        <time>2026-08-23T18:33:26.000Z</time>
      </trkpt>
      <trkpt lon="-7.885395" lat="38.552328">
        <ele>295</ele>
        <time>2026-08-23T18:33:27.000Z</time>
      </trkpt>
      <trkpt lon="-7.885375" lat="38.552523">
        <ele>295</ele>
        <time>2026-08-23T18:33:28.000Z</time>
      </trkpt>
      <trkpt lon="-7.885362" lat="38.552722">
        <ele>295</ele>
        <time>2026-08-23T18:33:29.000Z</time>
      </trkpt>
      <trkpt lon="-7.885341" lat="38.552903">
        <ele>295</ele>
        <time>2026-08-23T18:33:30.000Z</time>
      </trkpt>
      <trkpt lon="-7.885321" lat="38.55309">
        <ele>295</ele>
        <time>2026-08-23T18:33:31.000Z</time>
      </trkpt>
      <trkpt lon="-7.885301" lat="38.553276">
        <ele>295</ele>
        <time>2026-08-23T18:33:32.000Z</time>
      </trkpt>
      <trkpt lon="-7.885283" lat="38.553464">
        <ele>295</ele>
        <time>2026-08-23T18:33:33.000Z</time>
      </trkpt>
      <trkpt lon="-7.885265" lat="38.553649">
        <ele>295</ele>
        <time>2026-08-23T18:33:34.000Z</time>
      </trkpt>
      <trkpt lon="-7.885253" lat="38.553828">
        <ele>295</ele>
        <time>2026-08-23T18:33:35.000Z</time>
      </trkpt>
      <trkpt lon="-7.885239" lat="38.554009">
        <ele>295</ele>
        <time>2026-08-23T18:33:36.000Z</time>
      </trkpt>
      <trkpt lon="-7.885216" lat="38.554192">
        <ele>295</ele>
        <time>2026-08-23T18:33:37.000Z</time>
      </trkpt>
      <trkpt lon="-7.885195" lat="38.554375">
        <ele>295</ele>
        <time>2026-08-23T18:33:38.000Z</time>
      </trkpt>
      <trkpt lon="-7.885179" lat="38.554559">
        <ele>295</ele>
        <time>2026-08-23T18:33:39.000Z</time>
      </trkpt>
      <trkpt lon="-7.88516" lat="38.554732">
        <ele>295</ele>
        <time>2026-08-23T18:33:40.000Z</time>
      </trkpt>
      <trkpt lon="-7.885144" lat="38.554908">
        <ele>295</ele>
        <time>2026-08-23T18:33:41.000Z</time>
      </trkpt>
      <trkpt lon="-7.885128" lat="38.555078">
        <ele>295</ele>
        <time>2026-08-23T18:33:42.000Z</time>
      </trkpt>
      <trkpt lon="-7.885111" lat="38.555248">
        <ele>295</ele>
        <time>2026-08-23T18:33:43.000Z</time>
      </trkpt>
      <trkpt lon="-7.885093" lat="38.555418">
        <ele>295</ele>
        <time>2026-08-23T18:33:44.000Z</time>
      </trkpt>
      <trkpt lon="-7.885077" lat="38.555583">
        <ele>295</ele>
        <time>2026-08-23T18:33:45.000Z</time>
      </trkpt>
      <trkpt lon="-7.885062" lat="38.55574">
        <ele>295</ele>
        <time>2026-08-23T18:33:46.000Z</time>
      </trkpt>
      <trkpt lon="-7.885045" lat="38.555904">
        <ele>295</ele>
        <time>2026-08-23T18:33:47.000Z</time>
      </trkpt>
      <trkpt lon="-7.885027" lat="38.556066">
        <ele>295</ele>
        <time>2026-08-23T18:33:48.000Z</time>
      </trkpt>
      <trkpt lon="-7.885013" lat="38.556226">
        <ele>295</ele>
        <time>2026-08-23T18:33:49.000Z</time>
      </trkpt>
      <trkpt lon="-7.884999" lat="38.55638">
        <ele>295</ele>
        <time>2026-08-23T18:33:50.000Z</time>
      </trkpt>
      <trkpt lon="-7.884988" lat="38.556529">
        <ele>296</ele>
        <time>2026-08-23T18:33:51.000Z</time>
      </trkpt>
      <trkpt lon="-7.884971" lat="38.556664">
        <ele>296</ele>
        <time>2026-08-23T18:33:52.000Z</time>
      </trkpt>
      <trkpt lon="-7.884961" lat="38.556792">
        <ele>296</ele>
        <time>2026-08-23T18:33:53.000Z</time>
      </trkpt>
      <trkpt lon="-7.884944" lat="38.556905">
        <ele>296</ele>
        <time>2026-08-23T18:33:54.000Z</time>
      </trkpt>
      <trkpt lon="-7.884928" lat="38.557012">
        <ele>297</ele>
        <time>2026-08-23T18:33:55.000Z</time>
      </trkpt>
      <trkpt lon="-7.884908" lat="38.557111">
        <ele>297</ele>
        <time>2026-08-23T18:33:56.000Z</time>
      </trkpt>
      <trkpt lon="-7.884885" lat="38.557264">
        <ele>298</ele>
        <time>2026-08-23T18:33:58.000Z</time>
      </trkpt>
      <trkpt lon="-7.884867" lat="38.557327">
        <ele>298</ele>
        <time>2026-08-23T18:33:59.000Z</time>
      </trkpt>
      <trkpt lon="-7.884849" lat="38.557379">
        <ele>298</ele>
        <time>2026-08-23T18:34:00.000Z</time>
      </trkpt>
      <trkpt lon="-7.884817" lat="38.557436">
        <ele>298</ele>
        <time>2026-08-23T18:34:01.000Z</time>
      </trkpt>
      <trkpt lon="-7.884755" lat="38.557496">
        <ele>299</ele>
        <time>2026-08-23T18:34:02.000Z</time>
      </trkpt>
      <trkpt lon="-7.884669" lat="38.557551">
        <ele>299</ele>
        <time>2026-08-23T18:34:03.000Z</time>
      </trkpt>
      <trkpt lon="-7.88458" lat="38.557618">
        <ele>299</ele>
        <time>2026-08-23T18:34:04.000Z</time>
      </trkpt>
      <trkpt lon="-7.884533" lat="38.557721">
        <ele>299</ele>
        <time>2026-08-23T18:34:05.000Z</time>
      </trkpt>
      <trkpt lon="-7.884557" lat="38.557816">
        <ele>300</ele>
        <time>2026-08-23T18:34:06.000Z</time>
      </trkpt>
      <trkpt lon="-7.884631" lat="38.557897">
        <ele>299</ele>
        <time>2026-08-23T18:34:07.000Z</time>
      </trkpt>
      <trkpt lon="-7.884752" lat="38.557938">
        <ele>299</ele>
        <time>2026-08-23T18:34:08.000Z</time>
      </trkpt>
      <trkpt lon="-7.884888" lat="38.557939">
        <ele>299</ele>
        <time>2026-08-23T18:34:09.000Z</time>
      </trkpt>
      <trkpt lon="-7.885021" lat="38.557914">
        <ele>300</ele>
        <time>2026-08-23T18:34:10.000Z</time>
      </trkpt>
      <trkpt lon="-7.885177" lat="38.557926">
        <ele>299</ele>
        <time>2026-08-23T18:34:11.000Z</time>
      </trkpt>
      <trkpt lon="-7.885341" lat="38.557945">
        <ele>299</ele>
        <time>2026-08-23T18:34:12.000Z</time>
      </trkpt>
      <trkpt lon="-7.885505" lat="38.558">
        <ele>299</ele>
        <time>2026-08-23T18:34:13.000Z</time>
      </trkpt>
      <trkpt lon="-7.885679" lat="38.558053">
        <ele>299</ele>
        <time>2026-08-23T18:34:14.000Z</time>
      </trkpt>
      <trkpt lon="-7.885857" lat="38.55809">
        <ele>298</ele>
        <time>2026-08-23T18:34:15.000Z</time>
      </trkpt>
      <trkpt lon="-7.886015" lat="38.558128">
        <ele>298</ele>
        <time>2026-08-23T18:34:16.000Z</time>
      </trkpt>
      <trkpt lon="-7.886196" lat="38.558176">
        <ele>298</ele>
        <time>2026-08-23T18:34:17.000Z</time>
      </trkpt>
      <trkpt lon="-7.886372" lat="38.55822">
        <ele>297</ele>
        <time>2026-08-23T18:34:18.000Z</time>
      </trkpt>
      <trkpt lon="-7.886556" lat="38.558271">
        <ele>297</ele>
        <time>2026-08-23T18:34:19.000Z</time>
      </trkpt>
      <trkpt lon="-7.886751" lat="38.558326">
        <ele>297</ele>
        <time>2026-08-23T18:34:20.000Z</time>
      </trkpt>
      <trkpt lon="-7.886953" lat="38.558385">
        <ele>297</ele>
        <time>2026-08-23T18:34:21.000Z</time>
      </trkpt>
      <trkpt lon="-7.887164" lat="38.558447">
        <ele>297</ele>
        <time>2026-08-23T18:34:22.000Z</time>
      </trkpt>
      <trkpt lon="-7.887352" lat="38.558496">
        <ele>296</ele>
        <time>2026-08-23T18:34:23.000Z</time>
      </trkpt>
      <trkpt lon="-7.88754" lat="38.558547">
        <ele>297</ele>
        <time>2026-08-23T18:34:24.000Z</time>
      </trkpt>
      <trkpt lon="-7.887728" lat="38.558597">
        <ele>297</ele>
        <time>2026-08-23T18:34:25.000Z</time>
      </trkpt>
      <trkpt lon="-7.887895" lat="38.558645">
        <ele>297</ele>
        <time>2026-08-23T18:34:26.000Z</time>
      </trkpt>
      <trkpt lon="-7.888057" lat="38.558694">
        <ele>297</ele>
        <time>2026-08-23T18:34:27.000Z</time>
      </trkpt>
      <trkpt lon="-7.888226" lat="38.558743">
        <ele>297</ele>
        <time>2026-08-23T18:34:28.000Z</time>
      </trkpt>
      <trkpt lon="-7.888401" lat="38.558792">
        <ele>297</ele>
        <time>2026-08-23T18:34:29.000Z</time>
      </trkpt>
      <trkpt lon="-7.888576" lat="38.558844">
        <ele>297</ele>
        <time>2026-08-23T18:34:30.000Z</time>
      </trkpt>
      <trkpt lon="-7.88875" lat="38.558892">
        <ele>297</ele>
        <time>2026-08-23T18:34:31.000Z</time>
      </trkpt>
      <trkpt lon="-7.888922" lat="38.558938">
        <ele>297</ele>
        <time>2026-08-23T18:34:32.000Z</time>
      </trkpt>
      <trkpt lon="-7.889091" lat="38.558984">
        <ele>297</ele>
        <time>2026-08-23T18:34:33.000Z</time>
      </trkpt>
      <trkpt lon="-7.889264" lat="38.559034">
        <ele>297</ele>
        <time>2026-08-23T18:34:34.000Z</time>
      </trkpt>
      <trkpt lon="-7.889448" lat="38.55908">
        <ele>297</ele>
        <time>2026-08-23T18:34:35.000Z</time>
      </trkpt>
      <trkpt lon="-7.889636" lat="38.55912">
        <ele>297</ele>
        <time>2026-08-23T18:34:36.000Z</time>
      </trkpt>
      <trkpt lon="-7.889822" lat="38.559157">
        <ele>297</ele>
        <time>2026-08-23T18:34:37.000Z</time>
      </trkpt>
      <trkpt lon="-7.890003" lat="38.559189">
        <ele>297</ele>
        <time>2026-08-23T18:34:38.000Z</time>
      </trkpt>
      <trkpt lon="-7.890171" lat="38.559213">
        <ele>297</ele>
        <time>2026-08-23T18:34:39.000Z</time>
      </trkpt>
      <trkpt lon="-7.890325" lat="38.559231">
        <ele>297</ele>
        <time>2026-08-23T18:34:40.000Z</time>
      </trkpt>
      <trkpt lon="-7.890489" lat="38.559246">
        <ele>298</ele>
        <time>2026-08-23T18:34:41.000Z</time>
      </trkpt>
      <trkpt lon="-7.890652" lat="38.55925">
        <ele>298</ele>
        <time>2026-08-23T18:34:42.000Z</time>
      </trkpt>
      <trkpt lon="-7.890806" lat="38.559255">
        <ele>298</ele>
        <time>2026-08-23T18:34:43.000Z</time>
      </trkpt>
      <trkpt lon="-7.890941" lat="38.55926">
        <ele>298</ele>
        <time>2026-08-23T18:34:44.000Z</time>
      </trkpt>
      <trkpt lon="-7.891075" lat="38.559261">
        <ele>298</ele>
        <time>2026-08-23T18:34:45.000Z</time>
      </trkpt>
      <trkpt lon="-7.891197" lat="38.559259">
        <ele>298</ele>
        <time>2026-08-23T18:34:46.000Z</time>
      </trkpt>
      <trkpt lon="-7.891405" lat="38.559267">
        <ele>297</ele>
        <time>2026-08-23T18:34:48.000Z</time>
      </trkpt>
      <trkpt lon="-7.891494" lat="38.559274">
        <ele>297</ele>
        <time>2026-08-23T18:34:49.000Z</time>
      </trkpt>
      <trkpt lon="-7.891553" lat="38.559283">
        <ele>297</ele>
        <time>2026-08-23T18:34:50.000Z</time>
      </trkpt>
      <trkpt lon="-7.891613" lat="38.559304">
        <ele>297</ele>
        <time>2026-08-23T18:34:52.000Z</time>
      </trkpt>
      <trkpt lon="-7.891715" lat="38.55933">
        <ele>297</ele>
        <time>2026-08-23T18:34:54.000Z</time>
      </trkpt>
      <trkpt lon="-7.89182" lat="38.559364">
        <ele>297</ele>
        <time>2026-08-23T18:34:55.000Z</time>
      </trkpt>
      <trkpt lon="-7.891937" lat="38.559375">
        <ele>297</ele>
        <time>2026-08-23T18:34:56.000Z</time>
      </trkpt>
      <trkpt lon="-7.892067" lat="38.559355">
        <ele>297</ele>
        <time>2026-08-23T18:34:57.000Z</time>
      </trkpt>
      <trkpt lon="-7.892187" lat="38.559305">
        <ele>297</ele>
        <time>2026-08-23T18:34:58.000Z</time>
      </trkpt>
      <trkpt lon="-7.89231" lat="38.55924">
        <ele>297</ele>
        <time>2026-08-23T18:34:59.000Z</time>
      </trkpt>
      <trkpt lon="-7.89244" lat="38.5592">
        <ele>297</ele>
        <time>2026-08-23T18:35:00.000Z</time>
      </trkpt>
      <trkpt lon="-7.892604" lat="38.559193">
        <ele>297</ele>
        <time>2026-08-23T18:35:01.000Z</time>
      </trkpt>
      <trkpt lon="-7.892779" lat="38.559186">
        <ele>297</ele>
        <time>2026-08-23T18:35:02.000Z</time>
      </trkpt>
      <trkpt lon="-7.892968" lat="38.559166">
        <ele>297</ele>
        <time>2026-08-23T18:35:03.000Z</time>
      </trkpt>
      <trkpt lon="-7.893144" lat="38.559153">
        <ele>297</ele>
        <time>2026-08-23T18:35:04.000Z</time>
      </trkpt>
      <trkpt lon="-7.893303" lat="38.559144">
        <ele>297</ele>
        <time>2026-08-23T18:35:05.000Z</time>
      </trkpt>
      <trkpt lon="-7.893483" lat="38.559132">
        <ele>297</ele>
        <time>2026-08-23T18:35:06.000Z</time>
      </trkpt>
      <trkpt lon="-7.893663" lat="38.559124">
        <ele>297</ele>
        <time>2026-08-23T18:35:07.000Z</time>
      </trkpt>
      <trkpt lon="-7.893838" lat="38.559112">
        <ele>297</ele>
        <time>2026-08-23T18:35:08.000Z</time>
      </trkpt>
      <trkpt lon="-7.894013" lat="38.559103">
        <ele>297</ele>
        <time>2026-08-23T18:35:09.000Z</time>
      </trkpt>
      <trkpt lon="-7.894187" lat="38.559095">
        <ele>301</ele>
        <time>2026-08-23T18:35:10.000Z</time>
      </trkpt>
      <trkpt lon="-7.894365" lat="38.559085">
        <ele>301</ele>
        <time>2026-08-23T18:35:11.000Z</time>
      </trkpt>
      <trkpt lon="-7.894546" lat="38.559071">
        <ele>301</ele>
        <time>2026-08-23T18:35:12.000Z</time>
      </trkpt>
      <trkpt lon="-7.894734" lat="38.559061">
        <ele>301</ele>
        <time>2026-08-23T18:35:13.000Z</time>
      </trkpt>
      <trkpt lon="-7.894908" lat="38.559051">
        <ele>301</ele>
        <time>2026-08-23T18:35:14.000Z</time>
      </trkpt>
      <trkpt lon="-7.895089" lat="38.559046">
        <ele>301</ele>
        <time>2026-08-23T18:35:15.000Z</time>
      </trkpt>
      <trkpt lon="-7.895274" lat="38.559044">
        <ele>301</ele>
        <time>2026-08-23T18:35:16.000Z</time>
      </trkpt>
      <trkpt lon="-7.895454" lat="38.559037">
        <ele>301</ele>
        <time>2026-08-23T18:35:17.000Z</time>
      </trkpt>
      <trkpt lon="-7.895623" lat="38.55904">
        <ele>301</ele>
        <time>2026-08-23T18:35:18.000Z</time>
      </trkpt>
      <trkpt lon="-7.895798" lat="38.559046">
        <ele>301</ele>
        <time>2026-08-23T18:35:19.000Z</time>
      </trkpt>
      <trkpt lon="-7.895993" lat="38.559051">
        <ele>301</ele>
        <time>2026-08-23T18:35:20.000Z</time>
      </trkpt>
      <trkpt lon="-7.896162" lat="38.55906">
        <ele>301</ele>
        <time>2026-08-23T18:35:21.000Z</time>
      </trkpt>
      <trkpt lon="-7.896326" lat="38.559069">
        <ele>301</ele>
        <time>2026-08-23T18:35:22.000Z</time>
      </trkpt>
      <trkpt lon="-7.896493" lat="38.559082">
        <ele>301</ele>
        <time>2026-08-23T18:35:23.000Z</time>
      </trkpt>
      <trkpt lon="-7.896661" lat="38.559101">
        <ele>301</ele>
        <time>2026-08-23T18:35:24.000Z</time>
      </trkpt>
      <trkpt lon="-7.896823" lat="38.559124">
        <ele>301</ele>
        <time>2026-08-23T18:35:25.000Z</time>
      </trkpt>
      <trkpt lon="-7.896967" lat="38.559147">
        <ele>301</ele>
        <time>2026-08-23T18:35:26.000Z</time>
      </trkpt>
      <trkpt lon="-7.897118" lat="38.559172">
        <ele>301</ele>
        <time>2026-08-23T18:35:27.000Z</time>
      </trkpt>
      <trkpt lon="-7.897258" lat="38.559196">
        <ele>301</ele>
        <time>2026-08-23T18:35:28.000Z</time>
      </trkpt>
      <trkpt lon="-7.897393" lat="38.559217">
        <ele>301</ele>
        <time>2026-08-23T18:35:29.000Z</time>
      </trkpt>
      <trkpt lon="-7.897512" lat="38.559236">
        <ele>301</ele>
        <time>2026-08-23T18:35:30.000Z</time>
      </trkpt>
      <trkpt lon="-7.897707" lat="38.559283">
        <ele>301</ele>
        <time>2026-08-23T18:35:32.000Z</time>
      </trkpt>
      <trkpt lon="-7.89778" lat="38.559317">
        <ele>301</ele>
        <time>2026-08-23T18:35:33.000Z</time>
      </trkpt>
      <trkpt lon="-7.897853" lat="38.559358">
        <ele>303</ele>
        <time>2026-08-23T18:35:34.000Z</time>
      </trkpt>
      <trkpt lon="-7.897937" lat="38.559411">
        <ele>303</ele>
        <time>2026-08-23T18:35:35.000Z</time>
      </trkpt>
      <trkpt lon="-7.898033" lat="38.55946">
        <ele>303</ele>
        <time>2026-08-23T18:35:36.000Z</time>
      </trkpt>
      <trkpt lon="-7.898168" lat="38.559481">
        <ele>303</ele>
        <time>2026-08-23T18:35:37.000Z</time>
      </trkpt>
      <trkpt lon="-7.898331" lat="38.559371">
        <ele>303</ele>
        <time>2026-08-23T18:35:39.000Z</time>
      </trkpt>
      <trkpt lon="-7.898358" lat="38.559262">
        <ele>303</ele>
        <time>2026-08-23T18:35:40.000Z</time>
      </trkpt>
      <trkpt lon="-7.898318" lat="38.559139">
        <ele>303</ele>
        <time>2026-08-23T18:35:41.000Z</time>
      </trkpt>
      <trkpt lon="-7.898294" lat="38.559038">
        <ele>303</ele>
        <time>2026-08-23T18:35:42.000Z</time>
      </trkpt>
      <trkpt lon="-7.898309" lat="38.55892">
        <ele>303</ele>
        <time>2026-08-23T18:35:43.000Z</time>
      </trkpt>
      <trkpt lon="-7.898362" lat="38.558793">
        <ele>303</ele>
        <time>2026-08-23T18:35:44.000Z</time>
      </trkpt>
      <trkpt lon="-7.898411" lat="38.558686">
        <ele>303</ele>
        <time>2026-08-23T18:35:45.000Z</time>
      </trkpt>
      <trkpt lon="-7.898455" lat="38.558587">
        <ele>303</ele>
        <time>2026-08-23T18:35:46.000Z</time>
      </trkpt>
      <trkpt lon="-7.898503" lat="38.558471">
        <ele>303</ele>
        <time>2026-08-23T18:35:47.000Z</time>
      </trkpt>
      <trkpt lon="-7.898554" lat="38.558348">
        <ele>303</ele>
        <time>2026-08-23T18:35:48.000Z</time>
      </trkpt>
      <trkpt lon="-7.898607" lat="38.558218">
        <ele>303</ele>
        <time>2026-08-23T18:35:49.000Z</time>
      </trkpt>
      <trkpt lon="-7.898656" lat="38.558091">
        <ele>303</ele>
        <time>2026-08-23T18:35:50.000Z</time>
      </trkpt>
      <trkpt lon="-7.898708" lat="38.557968">
        <ele>303</ele>
        <time>2026-08-23T18:35:51.000Z</time>
      </trkpt>
      <trkpt lon="-7.898765" lat="38.557839">
        <ele>303</ele>
        <time>2026-08-23T18:35:52.000Z</time>
      </trkpt>
      <trkpt lon="-7.898813" lat="38.557718">
        <ele>303</ele>
        <time>2026-08-23T18:35:53.000Z</time>
      </trkpt>
      <trkpt lon="-7.898853" lat="38.55761">
        <ele>303</ele>
        <time>2026-08-23T18:35:54.000Z</time>
      </trkpt>
      <trkpt lon="-7.898902" lat="38.557493">
        <ele>303</ele>
        <time>2026-08-23T18:35:55.000Z</time>
      </trkpt>
      <trkpt lon="-7.898953" lat="38.55737">
        <ele>303</ele>
        <time>2026-08-23T18:35:56.000Z</time>
      </trkpt>
      <trkpt lon="-7.899002" lat="38.557252">
        <ele>303</ele>
        <time>2026-08-23T18:35:57.000Z</time>
      </trkpt>
      <trkpt lon="-7.899048" lat="38.557149">
        <ele>303</ele>
        <time>2026-08-23T18:35:58.000Z</time>
      </trkpt>
      <trkpt lon="-7.899094" lat="38.557034">
        <ele>303</ele>
        <time>2026-08-23T18:35:59.000Z</time>
      </trkpt>
      <trkpt lon="-7.899146" lat="38.556902">
        <ele>303</ele>
        <time>2026-08-23T18:36:00.000Z</time>
      </trkpt>
      <trkpt lon="-7.899198" lat="38.556777">
        <ele>303</ele>
        <time>2026-08-23T18:36:01.000Z</time>
      </trkpt>
      <trkpt lon="-7.899255" lat="38.556653">
        <ele>303</ele>
        <time>2026-08-23T18:36:02.000Z</time>
      </trkpt>
      <trkpt lon="-7.899315" lat="38.556535">
        <ele>303</ele>
        <time>2026-08-23T18:36:03.000Z</time>
      </trkpt>
      <trkpt lon="-7.899372" lat="38.556419">
        <ele>303</ele>
        <time>2026-08-23T18:36:04.000Z</time>
      </trkpt>
      <trkpt lon="-7.899446" lat="38.556313">
        <ele>303</ele>
        <time>2026-08-23T18:36:05.000Z</time>
      </trkpt>
      <trkpt lon="-7.899519" lat="38.556201">
        <ele>303</ele>
        <time>2026-08-23T18:36:06.000Z</time>
      </trkpt>
      <trkpt lon="-7.899607" lat="38.556085">
        <ele>303</ele>
        <time>2026-08-23T18:36:07.000Z</time>
      </trkpt>
      <trkpt lon="-7.899692" lat="38.555972">
        <ele>303</ele>
        <time>2026-08-23T18:36:08.000Z</time>
      </trkpt>
      <trkpt lon="-7.899786" lat="38.555867">
        <ele>303</ele>
        <time>2026-08-23T18:36:09.000Z</time>
      </trkpt>
      <trkpt lon="-7.899893" lat="38.555744">
        <ele>303</ele>
        <time>2026-08-23T18:36:10.000Z</time>
      </trkpt>
      <trkpt lon="-7.900024" lat="38.55562">
        <ele>303</ele>
        <time>2026-08-23T18:36:11.000Z</time>
      </trkpt>
      <trkpt lon="-7.900173" lat="38.555492">
        <ele>303</ele>
        <time>2026-08-23T18:36:12.000Z</time>
      </trkpt>
      <trkpt lon="-7.900321" lat="38.555374">
        <ele>303</ele>
        <time>2026-08-23T18:36:13.000Z</time>
      </trkpt>
      <trkpt lon="-7.900459" lat="38.555274">
        <ele>303</ele>
        <time>2026-08-23T18:36:14.000Z</time>
      </trkpt>
      <trkpt lon="-7.900594" lat="38.555176">
        <ele>303</ele>
        <time>2026-08-23T18:36:15.000Z</time>
      </trkpt>
      <trkpt lon="-7.900732" lat="38.555092">
        <ele>303</ele>
        <time>2026-08-23T18:36:16.000Z</time>
      </trkpt>
      <trkpt lon="-7.900877" lat="38.555008">
        <ele>303</ele>
        <time>2026-08-23T18:36:17.000Z</time>
      </trkpt>
      <trkpt lon="-7.901031" lat="38.554928">
        <ele>303</ele>
        <time>2026-08-23T18:36:18.000Z</time>
      </trkpt>
      <trkpt lon="-7.90118" lat="38.554853">
        <ele>303</ele>
        <time>2026-08-23T18:36:19.000Z</time>
      </trkpt>
      <trkpt lon="-7.901321" lat="38.554796">
        <ele>303</ele>
        <time>2026-08-23T18:36:20.000Z</time>
      </trkpt>
      <trkpt lon="-7.901446" lat="38.55475">
        <ele>303</ele>
        <time>2026-08-23T18:36:21.000Z</time>
      </trkpt>
      <trkpt lon="-7.901563" lat="38.554708">
        <ele>303</ele>
        <time>2026-08-23T18:36:22.000Z</time>
      </trkpt>
      <trkpt lon="-7.901679" lat="38.554662">
        <ele>303</ele>
        <time>2026-08-23T18:36:23.000Z</time>
      </trkpt>
      <trkpt lon="-7.901804" lat="38.554619">
        <ele>303</ele>
        <time>2026-08-23T18:36:24.000Z</time>
      </trkpt>
      <trkpt lon="-7.901947" lat="38.554577">
        <ele>303</ele>
        <time>2026-08-23T18:36:25.000Z</time>
      </trkpt>
      <trkpt lon="-7.9021" lat="38.554544">
        <ele>303</ele>
        <time>2026-08-23T18:36:26.000Z</time>
      </trkpt>
      <trkpt lon="-7.902267" lat="38.554499">
        <ele>303</ele>
        <time>2026-08-23T18:36:27.000Z</time>
      </trkpt>
      <trkpt lon="-7.902453" lat="38.554461">
        <ele>303</ele>
        <time>2026-08-23T18:36:28.000Z</time>
      </trkpt>
      <trkpt lon="-7.902649" lat="38.554427">
        <ele>303</ele>
        <time>2026-08-23T18:36:29.000Z</time>
      </trkpt>
      <trkpt lon="-7.902862" lat="38.554397">
        <ele>303</ele>
        <time>2026-08-23T18:36:30.000Z</time>
      </trkpt>
      <trkpt lon="-7.903083" lat="38.554376">
        <ele>303</ele>
        <time>2026-08-23T18:36:31.000Z</time>
      </trkpt>
      <trkpt lon="-7.90329" lat="38.554357">
        <ele>303</ele>
        <time>2026-08-23T18:36:32.000Z</time>
      </trkpt>
      <trkpt lon="-7.903477" lat="38.554337">
        <ele>303</ele>
        <time>2026-08-23T18:36:33.000Z</time>
      </trkpt>
      <trkpt lon="-7.903647" lat="38.554323">
        <ele>303</ele>
        <time>2026-08-23T18:36:34.000Z</time>
      </trkpt>
      <trkpt lon="-7.903807" lat="38.554306">
        <ele>303</ele>
        <time>2026-08-23T18:36:35.000Z</time>
      </trkpt>
      <trkpt lon="-7.903955" lat="38.554291">
        <ele>303</ele>
        <time>2026-08-23T18:36:36.000Z</time>
      </trkpt>
      <trkpt lon="-7.904102" lat="38.554277">
        <ele>303</ele>
        <time>2026-08-23T18:36:37.000Z</time>
      </trkpt>
      <trkpt lon="-7.904254" lat="38.554269">
        <ele>303</ele>
        <time>2026-08-23T18:36:38.000Z</time>
      </trkpt>
      <trkpt lon="-7.904408" lat="38.554256">
        <ele>303</ele>
        <time>2026-08-23T18:36:39.000Z</time>
      </trkpt>
      <trkpt lon="-7.904561" lat="38.554242">
        <ele>303</ele>
        <time>2026-08-23T18:36:40.000Z</time>
      </trkpt>
      <trkpt lon="-7.904695" lat="38.554234">
        <ele>303</ele>
        <time>2026-08-23T18:36:41.000Z</time>
      </trkpt>
      <trkpt lon="-7.904817" lat="38.554228">
        <ele>303</ele>
        <time>2026-08-23T18:36:42.000Z</time>
      </trkpt>
      <trkpt lon="-7.904933" lat="38.554226">
        <ele>303</ele>
        <time>2026-08-23T18:36:43.000Z</time>
      </trkpt>
      <trkpt lon="-7.905139" lat="38.554224">
        <ele>303</ele>
        <time>2026-08-23T18:36:45.000Z</time>
      </trkpt>
      <trkpt lon="-7.905228" lat="38.554227">
        <ele>303</ele>
        <time>2026-08-23T18:36:46.000Z</time>
      </trkpt>
      <trkpt lon="-7.905315" lat="38.554235">
        <ele>303</ele>
        <time>2026-08-23T18:36:47.000Z</time>
      </trkpt>
      <trkpt lon="-7.905418" lat="38.554254">
        <ele>303</ele>
        <time>2026-08-23T18:36:48.000Z</time>
      </trkpt>
      <trkpt lon="-7.905535" lat="38.554292">
        <ele>303</ele>
        <time>2026-08-23T18:36:49.000Z</time>
      </trkpt>
      <trkpt lon="-7.90565" lat="38.554309">
        <ele>303</ele>
        <time>2026-08-23T18:36:50.000Z</time>
      </trkpt>
      <trkpt lon="-7.905757" lat="38.554261">
        <ele>303</ele>
        <time>2026-08-23T18:36:51.000Z</time>
      </trkpt>
      <trkpt lon="-7.905816" lat="38.554185">
        <ele>303</ele>
        <time>2026-08-23T18:36:52.000Z</time>
      </trkpt>
      <trkpt lon="-7.90582" lat="38.554097">
        <ele>303</ele>
        <time>2026-08-23T18:36:53.000Z</time>
      </trkpt>
      <trkpt lon="-7.905786" lat="38.554026">
        <ele>303</ele>
        <time>2026-08-23T18:36:54.000Z</time>
      </trkpt>
      <trkpt lon="-7.905678" lat="38.553984">
        <ele>303</ele>
        <time>2026-08-23T18:36:55.000Z</time>
      </trkpt>
      <trkpt lon="-7.905555" lat="38.553974">
        <ele>303</ele>
        <time>2026-08-23T18:36:56.000Z</time>
      </trkpt>
      <trkpt lon="-7.905444" lat="38.554016">
        <ele>303</ele>
        <time>2026-08-23T18:36:57.000Z</time>
      </trkpt>
      <trkpt lon="-7.905372" lat="38.554078">
        <ele>303</ele>
        <time>2026-08-23T18:36:58.000Z</time>
      </trkpt>
      <trkpt lon="-7.905381" lat="38.554193">
        <ele>303</ele>
        <time>2026-08-23T18:36:59.000Z</time>
      </trkpt>
      <trkpt lon="-7.905418" lat="38.554291">
        <ele>302</ele>
        <time>2026-08-23T18:37:00.000Z</time>
      </trkpt>
      <trkpt lon="-7.905486" lat="38.554386">
        <ele>302</ele>
        <time>2026-08-23T18:37:01.000Z</time>
      </trkpt>
      <trkpt lon="-7.905506" lat="38.554477">
        <ele>302</ele>
        <time>2026-08-23T18:37:02.000Z</time>
      </trkpt>
      <trkpt lon="-7.9056" lat="38.554584">
        <ele>302</ele>
        <time>2026-08-23T18:37:03.000Z</time>
      </trkpt>
      <trkpt lon="-7.905623" lat="38.554689">
        <ele>302</ele>
        <time>2026-08-23T18:37:04.000Z</time>
      </trkpt>
      <trkpt lon="-7.905635" lat="38.5548">
        <ele>302</ele>
        <time>2026-08-23T18:37:05.000Z</time>
      </trkpt>
      <trkpt lon="-7.905602" lat="38.554894">
        <ele>303</ele>
        <time>2026-08-23T18:37:06.000Z</time>
      </trkpt>
      <trkpt lon="-7.905604" lat="38.555003">
        <ele>301</ele>
        <time>2026-08-23T18:37:07.000Z</time>
      </trkpt>
      <trkpt lon="-7.905652" lat="38.55512">
        <ele>301</ele>
        <time>2026-08-23T18:37:08.000Z</time>
      </trkpt>
      <trkpt lon="-7.905664" lat="38.555223">
        <ele>301</ele>
        <time>2026-08-23T18:37:09.000Z</time>
      </trkpt>
      <trkpt lon="-7.905639" lat="38.555314">
        <ele>301</ele>
        <time>2026-08-23T18:37:10.000Z</time>
      </trkpt>
      <trkpt lon="-7.90565" lat="38.555423">
        <ele>301</ele>
        <time>2026-08-23T18:37:11.000Z</time>
      </trkpt>
      <trkpt lon="-7.905699" lat="38.55555">
        <ele>301</ele>
        <time>2026-08-23T18:37:12.000Z</time>
      </trkpt>
      <trkpt lon="-7.905712" lat="38.555664">
        <ele>301</ele>
        <time>2026-08-23T18:37:13.000Z</time>
      </trkpt>
      <trkpt lon="-7.905687" lat="38.555767">
        <ele>301</ele>
        <time>2026-08-23T18:37:14.000Z</time>
      </trkpt>
      <trkpt lon="-7.90569" lat="38.555883">
        <ele>301</ele>
        <time>2026-08-23T18:37:15.000Z</time>
      </trkpt>
      <trkpt lon="-7.905715" lat="38.556007">
        <ele>301</ele>
        <time>2026-08-23T18:37:16.000Z</time>
      </trkpt>
      <trkpt lon="-7.905704" lat="38.556122">
        <ele>301</ele>
        <time>2026-08-23T18:37:17.000Z</time>
      </trkpt>
      <trkpt lon="-7.905676" lat="38.556226">
        <ele>301</ele>
        <time>2026-08-23T18:37:18.000Z</time>
      </trkpt>
      <trkpt lon="-7.90567" lat="38.556319">
        <ele>301</ele>
        <time>2026-08-23T18:37:19.000Z</time>
      </trkpt>
      <trkpt lon="-7.905665" lat="38.55648">
        <ele>301</ele>
        <time>2026-08-23T18:37:21.000Z</time>
      </trkpt>
      <trkpt lon="-7.905678" lat="38.556549">
        <ele>301</ele>
        <time>2026-08-23T18:37:22.000Z</time>
      </trkpt>
      <trkpt lon="-7.905662" lat="38.556621">
        <ele>301</ele>
        <time>2026-08-23T18:37:23.000Z</time>
      </trkpt>
      <trkpt lon="-7.905641" lat="38.556694">
        <ele>301</ele>
        <time>2026-08-23T18:37:24.000Z</time>
      </trkpt>
      <trkpt lon="-7.905636" lat="38.556769">
        <ele>301</ele>
        <time>2026-08-23T18:37:25.000Z</time>
      </trkpt>
      <trkpt lon="-7.905628" lat="38.556889">
        <ele>301</ele>
        <time>2026-08-23T18:37:26.000Z</time>
      </trkpt>
      <trkpt lon="-7.905581" lat="38.556999">
        <ele>301</ele>
        <time>2026-08-23T18:37:27.000Z</time>
      </trkpt>
      <trkpt lon="-7.905557" lat="38.557127">
        <ele>301</ele>
        <time>2026-08-23T18:37:28.000Z</time>
      </trkpt>
      <trkpt lon="-7.905575" lat="38.557266">
        <ele>301</ele>
        <time>2026-08-23T18:37:29.000Z</time>
      </trkpt>
      <trkpt lon="-7.905619" lat="38.557423">
        <ele>301</ele>
        <time>2026-08-23T18:37:30.000Z</time>
      </trkpt>
      <trkpt lon="-7.905664" lat="38.557579">
        <ele>305</ele>
        <time>2026-08-23T18:37:31.000Z</time>
      </trkpt>
      <trkpt lon="-7.90568" lat="38.55775">
        <ele>305</ele>
        <time>2026-08-23T18:37:32.000Z</time>
      </trkpt>
      <trkpt lon="-7.905708" lat="38.557908">
        <ele>305</ele>
        <time>2026-08-23T18:37:33.000Z</time>
      </trkpt>
      <trkpt lon="-7.905734" lat="38.558045">
        <ele>305</ele>
        <time>2026-08-23T18:37:34.000Z</time>
      </trkpt>
      <trkpt lon="-7.905759" lat="38.558182">
        <ele>305</ele>
        <time>2026-08-23T18:37:35.000Z</time>
      </trkpt>
      <trkpt lon="-7.905774" lat="38.558306">
        <ele>305</ele>
        <time>2026-08-23T18:37:36.000Z</time>
      </trkpt>
      <trkpt lon="-7.905799" lat="38.558424">
        <ele>305</ele>
        <time>2026-08-23T18:37:37.000Z</time>
      </trkpt>
      <trkpt lon="-7.905823" lat="38.558536">
        <ele>305</ele>
        <time>2026-08-23T18:37:38.000Z</time>
      </trkpt>
      <trkpt lon="-7.905852" lat="38.558658">
        <ele>305</ele>
        <time>2026-08-23T18:37:39.000Z</time>
      </trkpt>
      <trkpt lon="-7.905872" lat="38.558783">
        <ele>305</ele>
        <time>2026-08-23T18:37:40.000Z</time>
      </trkpt>
      <trkpt lon="-7.90589" lat="38.558893">
        <ele>305</ele>
        <time>2026-08-23T18:37:41.000Z</time>
      </trkpt>
      <trkpt lon="-7.905911" lat="38.558992">
        <ele>305</ele>
        <time>2026-08-23T18:37:42.000Z</time>
      </trkpt>
      <trkpt lon="-7.905935" lat="38.559084">
        <ele>305</ele>
        <time>2026-08-23T18:37:43.000Z</time>
      </trkpt>
      <trkpt lon="-7.905917" lat="38.559249">
        <ele>305</ele>
        <time>2026-08-23T18:37:45.000Z</time>
      </trkpt>
      <trkpt lon="-7.905874" lat="38.559326">
        <ele>305</ele>
        <time>2026-08-23T18:37:46.000Z</time>
      </trkpt>
      <trkpt lon="-7.905829" lat="38.559404">
        <ele>305</ele>
        <time>2026-08-23T18:37:47.000Z</time>
      </trkpt>
      <trkpt lon="-7.905871" lat="38.559483">
        <ele>305</ele>
        <time>2026-08-23T18:37:48.000Z</time>
      </trkpt>
      <trkpt lon="-7.905962" lat="38.559518">
        <ele>305</ele>
        <time>2026-08-23T18:37:49.000Z</time>
      </trkpt>
      <trkpt lon="-7.906066" lat="38.559522">
        <ele>305</ele>
        <time>2026-08-23T18:37:50.000Z</time>
      </trkpt>
      <trkpt lon="-7.906153" lat="38.559477">
        <ele>305</ele>
        <time>2026-08-23T18:37:51.000Z</time>
      </trkpt>
      <trkpt lon="-7.906248" lat="38.559413">
        <ele>305</ele>
        <time>2026-08-23T18:37:52.000Z</time>
      </trkpt>
      <trkpt lon="-7.906384" lat="38.559371">
        <ele>305</ele>
        <time>2026-08-23T18:37:53.000Z</time>
      </trkpt>
      <trkpt lon="-7.906551" lat="38.559355">
        <ele>305</ele>
        <time>2026-08-23T18:37:54.000Z</time>
      </trkpt>
      <trkpt lon="-7.906716" lat="38.559332">
        <ele>305</ele>
        <time>2026-08-23T18:37:55.000Z</time>
      </trkpt>
      <trkpt lon="-7.906854" lat="38.559307">
        <ele>305</ele>
        <time>2026-08-23T18:37:56.000Z</time>
      </trkpt>
      <trkpt lon="-7.907019" lat="38.559285">
        <ele>305</ele>
        <time>2026-08-23T18:37:57.000Z</time>
      </trkpt>
      <trkpt lon="-7.90719" lat="38.559262">
        <ele>305</ele>
        <time>2026-08-23T18:37:58.000Z</time>
      </trkpt>
      <trkpt lon="-7.907349" lat="38.559242">
        <ele>305</ele>
        <time>2026-08-23T18:37:59.000Z</time>
      </trkpt>
      <trkpt lon="-7.90751" lat="38.559222">
        <ele>305</ele>
        <time>2026-08-23T18:38:00.000Z</time>
      </trkpt>
      <trkpt lon="-7.907681" lat="38.559198">
        <ele>305</ele>
        <time>2026-08-23T18:38:01.000Z</time>
      </trkpt>
      <trkpt lon="-7.907849" lat="38.559174">
        <ele>305</ele>
        <time>2026-08-23T18:38:02.000Z</time>
      </trkpt>
      <trkpt lon="-7.907997" lat="38.559154">
        <ele>305</ele>
        <time>2026-08-23T18:38:03.000Z</time>
      </trkpt>
      <trkpt lon="-7.908138" lat="38.559151">
        <ele>305</ele>
        <time>2026-08-23T18:38:04.000Z</time>
      </trkpt>
      <trkpt lon="-7.908273" lat="38.559176">
        <ele>305</ele>
        <time>2026-08-23T18:38:05.000Z</time>
      </trkpt>
      <trkpt lon="-7.908425" lat="38.55918">
        <ele>305</ele>
        <time>2026-08-23T18:38:06.000Z</time>
      </trkpt>
      <trkpt lon="-7.908573" lat="38.559215">
        <ele>305</ele>
        <time>2026-08-23T18:38:07.000Z</time>
      </trkpt>
      <trkpt lon="-7.908724" lat="38.559269">
        <ele>305</ele>
        <time>2026-08-23T18:38:08.000Z</time>
      </trkpt>
      <trkpt lon="-7.908659" lat="38.559373">
        <ele>305</ele>
        <time>2026-08-23T18:38:09.000Z</time>
      </trkpt>
      <trkpt lon="-7.908594" lat="38.559623">
        <ele>305</ele>
        <time>2026-08-23T18:38:10.000Z</time>
      </trkpt>
      <trkpt lon="-7.908533" lat="38.559765">
        <ele>305</ele>
        <time>2026-08-23T18:38:11.000Z</time>
      </trkpt>
      <trkpt lon="-7.908445" lat="38.559891">
        <ele>305</ele>
        <time>2026-08-23T18:38:12.000Z</time>
      </trkpt>
      <trkpt lon="-7.908383" lat="38.560011">
        <ele>305</ele>
        <time>2026-08-23T18:38:13.000Z</time>
      </trkpt>
      <trkpt lon="-7.908311" lat="38.560107">
        <ele>305</ele>
        <time>2026-08-23T18:38:14.000Z</time>
      </trkpt>
      <trkpt lon="-7.90823" lat="38.560181">
        <ele>305</ele>
        <time>2026-08-23T18:38:15.000Z</time>
      </trkpt>
      <trkpt lon="-7.908087" lat="38.56029">
        <ele>305</ele>
        <time>2026-08-23T18:38:17.000Z</time>
      </trkpt>
      <trkpt lon="-7.908" lat="38.560312">
        <ele>305</ele>
        <time>2026-08-23T18:38:18.000Z</time>
      </trkpt>
      <trkpt lon="-7.907906" lat="38.5603">
        <ele>305</ele>
        <time>2026-08-23T18:38:19.000Z</time>
      </trkpt>
      <trkpt lon="-7.907803" lat="38.560298">
        <ele>305</ele>
        <time>2026-08-23T18:38:20.000Z</time>
      </trkpt>
      <trkpt lon="-7.907715" lat="38.560356">
        <ele>305</ele>
        <time>2026-08-23T18:38:21.000Z</time>
      </trkpt>
      <trkpt lon="-7.907648" lat="38.560433">
        <ele>305</ele>
        <time>2026-08-23T18:38:22.000Z</time>
      </trkpt>
      <trkpt lon="-7.907585" lat="38.560522">
        <ele>305</ele>
        <time>2026-08-23T18:38:23.000Z</time>
      </trkpt>
      <trkpt lon="-7.907509" lat="38.560598">
        <ele>305</ele>
        <time>2026-08-23T18:38:24.000Z</time>
      </trkpt>
      <trkpt lon="-7.907459" lat="38.560692">
        <ele>305</ele>
        <time>2026-08-23T18:38:25.000Z</time>
      </trkpt>
      <trkpt lon="-7.90741" lat="38.560793">
        <ele>305</ele>
        <time>2026-08-23T18:38:26.000Z</time>
      </trkpt>
      <trkpt lon="-7.907311" lat="38.560874">
        <ele>305</ele>
        <time>2026-08-23T18:38:27.000Z</time>
      </trkpt>
      <trkpt lon="-7.907183" lat="38.560935">
        <ele>305</ele>
        <time>2026-08-23T18:38:28.000Z</time>
      </trkpt>
      <trkpt lon="-7.907085" lat="38.561024">
        <ele>305</ele>
        <time>2026-08-23T18:38:29.000Z</time>
      </trkpt>
      <trkpt lon="-7.907012" lat="38.561128">
        <ele>305</ele>
        <time>2026-08-23T18:38:30.000Z</time>
      </trkpt>
      <trkpt lon="-7.906934" lat="38.561205">
        <ele>305</ele>
        <time>2026-08-23T18:38:31.000Z</time>
      </trkpt>
      <trkpt lon="-7.906836" lat="38.561293">
        <ele>305</ele>
        <time>2026-08-23T18:38:32.000Z</time>
      </trkpt>
      <trkpt lon="-7.90676" lat="38.561365">
        <ele>305</ele>
        <time>2026-08-23T18:38:33.000Z</time>
      </trkpt>
      <trkpt lon="-7.906602" lat="38.561484">
        <ele>305</ele>
        <time>2026-08-23T18:38:35.000Z</time>
      </trkpt>
      <trkpt lon="-7.906516" lat="38.56157">
        <ele>305</ele>
        <time>2026-08-23T18:38:36.000Z</time>
      </trkpt>
      <trkpt lon="-7.906456" lat="38.56165">
        <ele>305</ele>
        <time>2026-08-23T18:38:37.000Z</time>
      </trkpt>
      <trkpt lon="-7.906412" lat="38.561841">
        <ele>305</ele>
        <time>2026-08-23T18:38:39.000Z</time>
      </trkpt>
      <trkpt lon="-7.906415" lat="38.561956">
        <ele>305</ele>
        <time>2026-08-23T18:38:40.000Z</time>
      </trkpt>
      <trkpt lon="-7.90641" lat="38.562075">
        <ele>344</ele>
        <time>2026-08-23T18:38:41.000Z</time>
      </trkpt>
      <trkpt lon="-7.906391" lat="38.562201">
        <ele>344</ele>
        <time>2026-08-23T18:38:42.000Z</time>
      </trkpt>
      <trkpt lon="-7.90638" lat="38.56232">
        <ele>344</ele>
        <time>2026-08-23T18:38:43.000Z</time>
      </trkpt>
      <trkpt lon="-7.906377" lat="38.562444">
        <ele>344</ele>
        <time>2026-08-23T18:38:44.000Z</time>
      </trkpt>
      <trkpt lon="-7.906366" lat="38.562535">
        <ele>344</ele>
        <time>2026-08-23T18:38:45.000Z</time>
      </trkpt>
      <trkpt lon="-7.906352" lat="38.562653">
        <ele>344</ele>
        <time>2026-08-23T18:38:46.000Z</time>
      </trkpt>
      <trkpt lon="-7.906342" lat="38.562772">
        <ele>344</ele>
        <time>2026-08-23T18:38:47.000Z</time>
      </trkpt>
      <trkpt lon="-7.906335" lat="38.56289">
        <ele>344</ele>
        <time>2026-08-23T18:38:48.000Z</time>
      </trkpt>
      <trkpt lon="-7.906329" lat="38.563005">
        <ele>344</ele>
        <time>2026-08-23T18:38:49.000Z</time>
      </trkpt>
      <trkpt lon="-7.906318" lat="38.563123">
        <ele>344</ele>
        <time>2026-08-23T18:38:50.000Z</time>
      </trkpt>
      <trkpt lon="-7.906312" lat="38.563243">
        <ele>344</ele>
        <time>2026-08-23T18:38:51.000Z</time>
      </trkpt>
      <trkpt lon="-7.906297" lat="38.563358">
        <ele>344</ele>
        <time>2026-08-23T18:38:52.000Z</time>
      </trkpt>
      <trkpt lon="-7.906295" lat="38.563468">
        <ele>344</ele>
        <time>2026-08-23T18:38:53.000Z</time>
      </trkpt>
      <trkpt lon="-7.906296" lat="38.563582">
        <ele>344</ele>
        <time>2026-08-23T18:38:54.000Z</time>
      </trkpt>
      <trkpt lon="-7.906285" lat="38.563675">
        <ele>344</ele>
        <time>2026-08-23T18:38:55.000Z</time>
      </trkpt>
      <trkpt lon="-7.906275" lat="38.56379">
        <ele>344</ele>
        <time>2026-08-23T18:38:56.000Z</time>
      </trkpt>
      <trkpt lon="-7.906267" lat="38.563903">
        <ele>344</ele>
        <time>2026-08-23T18:38:57.000Z</time>
      </trkpt>
      <trkpt lon="-7.906255" lat="38.564007">
        <ele>344</ele>
        <time>2026-08-23T18:38:58.000Z</time>
      </trkpt>
      <trkpt lon="-7.906248" lat="38.564104">
        <ele>344</ele>
        <time>2026-08-23T18:38:59.000Z</time>
      </trkpt>
      <trkpt lon="-7.906235" lat="38.564263">
        <ele>344</ele>
        <time>2026-08-23T18:39:01.000Z</time>
      </trkpt>
      <trkpt lon="-7.906229" lat="38.564336">
        <ele>344</ele>
        <time>2026-08-23T18:39:02.000Z</time>
      </trkpt>
      <trkpt lon="-7.906223" lat="38.56442">
        <ele>344</ele>
        <time>2026-08-23T18:39:03.000Z</time>
      </trkpt>
      <trkpt lon="-7.906216" lat="38.564497">
        <ele>344</ele>
        <time>2026-08-23T18:39:04.000Z</time>
      </trkpt>
      <trkpt lon="-7.906209" lat="38.564555">
        <ele>320</ele>
        <time>2026-08-23T18:39:05.000Z</time>
      </trkpt>
      <trkpt lon="-7.906209" lat="38.564609">
        <ele>320</ele>
        <time>2026-08-23T18:39:06.000Z</time>
      </trkpt>
      <trkpt lon="-7.906208" lat="38.564669">
        <ele>320</ele>
        <time>2026-08-23T18:39:07.000Z</time>
      </trkpt>
      <trkpt lon="-7.906206" lat="38.564724">
        <ele>320</ele>
        <time>2026-08-23T18:39:08.000Z</time>
      </trkpt>
      <trkpt lon="-7.906196" lat="38.564773">
        <ele>320</ele>
        <time>2026-08-23T18:39:09.000Z</time>
      </trkpt>
      <trkpt lon="-7.906192" lat="38.564832">
        <ele>320</ele>
        <time>2026-08-23T18:39:10.000Z</time>
      </trkpt>
      <trkpt lon="-7.906184" lat="38.564899">
        <ele>320</ele>
        <time>2026-08-23T18:39:11.000Z</time>
      </trkpt>
      <trkpt lon="-7.906169" lat="38.564968">
        <ele>320</ele>
        <time>2026-08-23T18:39:12.000Z</time>
      </trkpt>
      <trkpt lon="-7.906156" lat="38.56504">
        <ele>320</ele>
        <time>2026-08-23T18:39:13.000Z</time>
      </trkpt>
      <trkpt lon="-7.906154" lat="38.56509">
        <ele>320</ele>
        <time>2026-08-23T18:39:14.000Z</time>
      </trkpt>
      <trkpt lon="-7.906163" lat="38.565157">
        <ele>320</ele>
        <time>2026-08-23T18:39:16.000Z</time>
      </trkpt>
      <trkpt lon="-7.906168" lat="38.565161">
        <ele>320</ele>
        <time>2026-08-23T18:39:17.000Z</time>
      </trkpt>
      <trkpt lon="-7.906163" lat="38.565153">
        <ele>320</ele>
        <time>2026-08-23T18:39:18.000Z</time>
      </trkpt>
      <trkpt lon="-7.906188" lat="38.565195">
        <ele>320</ele>
        <time>2026-08-23T18:39:22.000Z</time>
      </trkpt>
      <trkpt lon="-7.9062" lat="38.56524">
        <ele>320</ele>
        <time>2026-08-23T18:39:24.000Z</time>
      </trkpt>
      <trkpt lon="-7.906197" lat="38.565274">
        <ele>322</ele>
        <time>2026-08-23T18:39:27.000Z</time>
      </trkpt>
      <trkpt lon="-7.906198" lat="38.565272">
        <ele>322</ele>
        <time>2026-08-23T18:39:28.000Z</time>
      </trkpt>
      <trkpt lon="-7.906183" lat="38.565351">
        <ele>322</ele>
        <time>2026-08-23T18:39:44.000Z</time>
      </trkpt>
      <trkpt lon="-7.906183" lat="38.565444">
        <ele>322</ele>
        <time>2026-08-23T18:39:45.000Z</time>
      </trkpt>
      <trkpt lon="-7.906187" lat="38.565515">
        <ele>322</ele>
        <time>2026-08-23T18:39:46.000Z</time>
      </trkpt>
      <trkpt lon="-7.90618" lat="38.565595">
        <ele>322</ele>
        <time>2026-08-23T18:39:47.000Z</time>
      </trkpt>
      <trkpt lon="-7.906176" lat="38.565675">
        <ele>322</ele>
        <time>2026-08-23T18:39:48.000Z</time>
      </trkpt>
      <trkpt lon="-7.906169" lat="38.565756">
        <ele>322</ele>
        <time>2026-08-23T18:39:49.000Z</time>
      </trkpt>
      <trkpt lon="-7.906165" lat="38.56582">
        <ele>322</ele>
        <time>2026-08-23T18:39:50.000Z</time>
      </trkpt>
      <trkpt lon="-7.90616" lat="38.56591">
        <ele>322</ele>
        <time>2026-08-23T18:39:51.000Z</time>
      </trkpt>
      <trkpt lon="-7.906154" lat="38.565994">
        <ele>322</ele>
        <time>2026-08-23T18:39:52.000Z</time>
      </trkpt>
      <trkpt lon="-7.906143" lat="38.56608">
        <ele>322</ele>
        <time>2026-08-23T18:39:53.000Z</time>
      </trkpt>
      <trkpt lon="-7.906136" lat="38.566159">
        <ele>322</ele>
        <time>2026-08-23T18:39:54.000Z</time>
      </trkpt>
      <trkpt lon="-7.906131" lat="38.56623">
        <ele>322</ele>
        <time>2026-08-23T18:39:55.000Z</time>
      </trkpt>
      <trkpt lon="-7.906128" lat="38.566303">
        <ele>322</ele>
        <time>2026-08-23T18:39:56.000Z</time>
      </trkpt>
      <trkpt lon="-7.906124" lat="38.566371">
        <ele>322</ele>
        <time>2026-08-23T18:39:57.000Z</time>
      </trkpt>
      <trkpt lon="-7.90612" lat="38.566427">
        <ele>322</ele>
        <time>2026-08-23T18:39:58.000Z</time>
      </trkpt>
      <trkpt lon="-7.906117" lat="38.566508">
        <ele>322</ele>
        <time>2026-08-23T18:40:00.000Z</time>
      </trkpt>
      <trkpt lon="-7.906113" lat="38.566572">
        <ele>322</ele>
        <time>2026-08-23T18:40:02.000Z</time>
      </trkpt>
      <trkpt lon="-7.906104" lat="38.566666">
        <ele>322</ele>
        <time>2026-08-23T18:40:04.000Z</time>
      </trkpt>
      <trkpt lon="-7.906097" lat="38.566712">
        <ele>322</ele>
        <time>2026-08-23T18:40:05.000Z</time>
      </trkpt>
      <trkpt lon="-7.906094" lat="38.566766">
        <ele>322</ele>
        <time>2026-08-23T18:40:06.000Z</time>
      </trkpt>
      <trkpt lon="-7.906096" lat="38.566832">
        <ele>322</ele>
        <time>2026-08-23T18:40:07.000Z</time>
      </trkpt>
      <trkpt lon="-7.906084" lat="38.566901">
        <ele>322</ele>
        <time>2026-08-23T18:40:08.000Z</time>
      </trkpt>
      <trkpt lon="-7.906077" lat="38.566969">
        <ele>322</ele>
        <time>2026-08-23T18:40:09.000Z</time>
      </trkpt>
      <trkpt lon="-7.906075" lat="38.567041">
        <ele>322</ele>
        <time>2026-08-23T18:40:10.000Z</time>
      </trkpt>
      <trkpt lon="-7.906083" lat="38.567113">
        <ele>322</ele>
        <time>2026-08-23T18:40:11.000Z</time>
      </trkpt>
      <trkpt lon="-7.906096" lat="38.567185">
        <ele>322</ele>
        <time>2026-08-23T18:40:12.000Z</time>
      </trkpt>
      <trkpt lon="-7.906131" lat="38.567247">
        <ele>322</ele>
        <time>2026-08-23T18:40:13.000Z</time>
      </trkpt>
      <trkpt lon="-7.906174" lat="38.567288">
        <ele>322</ele>
        <time>2026-08-23T18:40:14.000Z</time>
      </trkpt>
      <trkpt lon="-7.906221" lat="38.567326">
        <ele>322</ele>
        <time>2026-08-23T18:40:15.000Z</time>
      </trkpt>
      <trkpt lon="-7.906289" lat="38.567352">
        <ele>322</ele>
        <time>2026-08-23T18:40:16.000Z</time>
      </trkpt>
      <trkpt lon="-7.906377" lat="38.567354">
        <ele>322</ele>
        <time>2026-08-23T18:40:17.000Z</time>
      </trkpt>
      <trkpt lon="-7.906463" lat="38.567334">
        <ele>322</ele>
        <time>2026-08-23T18:40:18.000Z</time>
      </trkpt>
      <trkpt lon="-7.906554" lat="38.567303">
        <ele>322</ele>
        <time>2026-08-23T18:40:19.000Z</time>
      </trkpt>
      <trkpt lon="-7.906655" lat="38.567284">
        <ele>322</ele>
        <time>2026-08-23T18:40:20.000Z</time>
      </trkpt>
      <trkpt lon="-7.90676" lat="38.567265">
        <ele>322</ele>
        <time>2026-08-23T18:40:21.000Z</time>
      </trkpt>
      <trkpt lon="-7.906865" lat="38.567242">
        <ele>322</ele>
        <time>2026-08-23T18:40:22.000Z</time>
      </trkpt>
      <trkpt lon="-7.906958" lat="38.567211">
        <ele>322</ele>
        <time>2026-08-23T18:40:23.000Z</time>
      </trkpt>
      <trkpt lon="-7.90704" lat="38.567186">
        <ele>322</ele>
        <time>2026-08-23T18:40:24.000Z</time>
      </trkpt>
      <trkpt lon="-7.907124" lat="38.567158">
        <ele>326</ele>
        <time>2026-08-23T18:40:25.000Z</time>
      </trkpt>
      <trkpt lon="-7.907219" lat="38.567123">
        <ele>326</ele>
        <time>2026-08-23T18:40:26.000Z</time>
      </trkpt>
      <trkpt lon="-7.907298" lat="38.567093">
        <ele>326</ele>
        <time>2026-08-23T18:40:27.000Z</time>
      </trkpt>
      <trkpt lon="-7.907368" lat="38.567076">
        <ele>326</ele>
        <time>2026-08-23T18:40:28.000Z</time>
      </trkpt>
      <trkpt lon="-7.907445" lat="38.567057">
        <ele>326</ele>
        <time>2026-08-23T18:40:29.000Z</time>
      </trkpt>
      <trkpt lon="-7.907517" lat="38.567032">
        <ele>326</ele>
        <time>2026-08-23T18:40:30.000Z</time>
      </trkpt>
      <trkpt lon="-7.907574" lat="38.567014">
        <ele>326</ele>
        <time>2026-08-23T18:40:31.000Z</time>
      </trkpt>
      <trkpt lon="-7.90763" lat="38.567003">
        <ele>326</ele>
        <time>2026-08-23T18:40:32.000Z</time>
      </trkpt>
      <trkpt lon="-7.907695" lat="38.567005">
        <ele>326</ele>
        <time>2026-08-23T18:40:33.000Z</time>
      </trkpt>
      <trkpt lon="-7.907756" lat="38.567024">
        <ele>326</ele>
        <time>2026-08-23T18:40:34.000Z</time>
      </trkpt>
      <trkpt lon="-7.907827" lat="38.567096">
        <ele>326</ele>
        <time>2026-08-23T18:40:36.000Z</time>
      </trkpt>
      <trkpt lon="-7.907834" lat="38.567147">
        <ele>326</ele>
        <time>2026-08-23T18:40:37.000Z</time>
      </trkpt>
      <trkpt lon="-7.907828" lat="38.567199">
        <ele>326</ele>
        <time>2026-08-23T18:40:38.000Z</time>
      </trkpt>
      <trkpt lon="-7.907834" lat="38.567249">
        <ele>326</ele>
        <time>2026-08-23T18:40:39.000Z</time>
      </trkpt>
      <trkpt lon="-7.90784" lat="38.5673">
        <ele>326</ele>
        <time>2026-08-23T18:40:40.000Z</time>
      </trkpt>
      <trkpt lon="-7.907845" lat="38.567352">
        <ele>326</ele>
        <time>2026-08-23T18:40:41.000Z</time>
      </trkpt>
      <trkpt lon="-7.907855" lat="38.567414">
        <ele>326</ele>
        <time>2026-08-23T18:40:42.000Z</time>
      </trkpt>
      <trkpt lon="-7.907871" lat="38.56748">
        <ele>326</ele>
        <time>2026-08-23T18:40:43.000Z</time>
      </trkpt>
      <trkpt lon="-7.907888" lat="38.567556">
        <ele>326</ele>
        <time>2026-08-23T18:40:44.000Z</time>
      </trkpt>
      <trkpt lon="-7.907899" lat="38.567627">
        <ele>326</ele>
        <time>2026-08-23T18:40:45.000Z</time>
      </trkpt>
      <trkpt lon="-7.907916" lat="38.567705">
        <ele>326</ele>
        <time>2026-08-23T18:40:46.000Z</time>
      </trkpt>
      <trkpt lon="-7.907931" lat="38.567761">
        <ele>326</ele>
        <time>2026-08-23T18:40:47.000Z</time>
      </trkpt>
      <trkpt lon="-7.90794" lat="38.567811">
        <ele>330</ele>
        <time>2026-08-23T18:40:48.000Z</time>
      </trkpt>
      <trkpt lon="-7.907948" lat="38.56787">
        <ele>330</ele>
        <time>2026-08-23T18:40:49.000Z</time>
      </trkpt>
      <trkpt lon="-7.907954" lat="38.567918">
        <ele>330</ele>
        <time>2026-08-23T18:40:50.000Z</time>
      </trkpt>
      <trkpt lon="-7.907966" lat="38.567972">
        <ele>330</ele>
        <time>2026-08-23T18:40:51.000Z</time>
      </trkpt>
      <trkpt lon="-7.907975" lat="38.568024">
        <ele>330</ele>
        <time>2026-08-23T18:40:52.000Z</time>
      </trkpt>
      <trkpt lon="-7.907976" lat="38.568071">
        <ele>330</ele>
        <time>2026-08-23T18:40:53.000Z</time>
      </trkpt>
      <trkpt lon="-7.907993" lat="38.568125">
        <ele>330</ele>
        <time>2026-08-23T18:40:54.000Z</time>
      </trkpt>
      <trkpt lon="-7.908001" lat="38.568182">
        <ele>330</ele>
        <time>2026-08-23T18:40:55.000Z</time>
      </trkpt>
      <trkpt lon="-7.908014" lat="38.568246">
        <ele>330</ele>
        <time>2026-08-23T18:40:56.000Z</time>
      </trkpt>
      <trkpt lon="-7.908029" lat="38.568314">
        <ele>330</ele>
        <time>2026-08-23T18:40:57.000Z</time>
      </trkpt>
      <trkpt lon="-7.908053" lat="38.568382">
        <ele>330</ele>
        <time>2026-08-23T18:40:58.000Z</time>
      </trkpt>
      <trkpt lon="-7.908074" lat="38.568446">
        <ele>330</ele>
        <time>2026-08-23T18:40:59.000Z</time>
      </trkpt>
      <trkpt lon="-7.908088" lat="38.568509">
        <ele>330</ele>
        <time>2026-08-23T18:41:00.000Z</time>
      </trkpt>
      <trkpt lon="-7.908107" lat="38.568571">
        <ele>330</ele>
        <time>2026-08-23T18:41:01.000Z</time>
      </trkpt>
      <trkpt lon="-7.908119" lat="38.568639">
        <ele>330</ele>
        <time>2026-08-23T18:41:02.000Z</time>
      </trkpt>
      <trkpt lon="-7.908131" lat="38.568701">
        <ele>330</ele>
        <time>2026-08-23T18:41:03.000Z</time>
      </trkpt>
      <trkpt lon="-7.908145" lat="38.568768">
        <ele>330</ele>
        <time>2026-08-23T18:41:04.000Z</time>
      </trkpt>
      <trkpt lon="-7.908156" lat="38.568829">
        <ele>330</ele>
        <time>2026-08-23T18:41:05.000Z</time>
      </trkpt>
      <trkpt lon="-7.908171" lat="38.568885">
        <ele>330</ele>
        <time>2026-08-23T18:41:06.000Z</time>
      </trkpt>
      <trkpt lon="-7.908181" lat="38.56893">
        <ele>330</ele>
        <time>2026-08-23T18:41:07.000Z</time>
      </trkpt>
      <trkpt lon="-7.908191" lat="38.568976">
        <ele>330</ele>
        <time>2026-08-23T18:41:08.000Z</time>
      </trkpt>
      <trkpt lon="-7.908221" lat="38.569064">
        <ele>330</ele>
        <time>2026-08-23T18:41:10.000Z</time>
      </trkpt>
      <trkpt lon="-7.908226" lat="38.569134">
        <ele>337</ele>
        <time>2026-08-23T18:41:12.000Z</time>
      </trkpt>
      <trkpt lon="-7.908254" lat="38.569232">
        <ele>337</ele>
        <time>2026-08-23T18:41:14.000Z</time>
      </trkpt>
      <trkpt lon="-7.90826" lat="38.569295">
        <ele>337</ele>
        <time>2026-08-23T18:41:15.000Z</time>
      </trkpt>
      <trkpt lon="-7.908253" lat="38.569373">
        <ele>337</ele>
        <time>2026-08-23T18:41:16.000Z</time>
      </trkpt>
      <trkpt lon="-7.908244" lat="38.569448">
        <ele>337</ele>
        <time>2026-08-23T18:41:17.000Z</time>
      </trkpt>
      <trkpt lon="-7.908236" lat="38.569516">
        <ele>337</ele>
        <time>2026-08-23T18:41:18.000Z</time>
      </trkpt>
      <trkpt lon="-7.908231" lat="38.569582">
        <ele>337</ele>
        <time>2026-08-23T18:41:19.000Z</time>
      </trkpt>
      <trkpt lon="-7.908225" lat="38.569648">
        <ele>337</ele>
        <time>2026-08-23T18:41:20.000Z</time>
      </trkpt>
      <trkpt lon="-7.908224" lat="38.569716">
        <ele>337</ele>
        <time>2026-08-23T18:41:21.000Z</time>
      </trkpt>
      <trkpt lon="-7.908232" lat="38.569778">
        <ele>337</ele>
        <time>2026-08-23T18:41:22.000Z</time>
      </trkpt>
      <trkpt lon="-7.908241" lat="38.569841">
        <ele>337</ele>
        <time>2026-08-23T18:41:23.000Z</time>
      </trkpt>
      <trkpt lon="-7.908258" lat="38.569902">
        <ele>337</ele>
        <time>2026-08-23T18:41:24.000Z</time>
      </trkpt>
      <trkpt lon="-7.908287" lat="38.569964">
        <ele>337</ele>
        <time>2026-08-23T18:41:25.000Z</time>
      </trkpt>
      <trkpt lon="-7.908334" lat="38.570018">
        <ele>337</ele>
        <time>2026-08-23T18:41:26.000Z</time>
      </trkpt>
      <trkpt lon="-7.908394" lat="38.570059">
        <ele>337</ele>
        <time>2026-08-23T18:41:27.000Z</time>
      </trkpt>
      <trkpt lon="-7.908443" lat="38.570089">
        <ele>337</ele>
        <time>2026-08-23T18:41:28.000Z</time>
      </trkpt>
      <trkpt lon="-7.908518" lat="38.570163">
        <ele>337</ele>
        <time>2026-08-23T18:41:30.000Z</time>
      </trkpt>
      <trkpt lon="-7.908565" lat="38.570203">
        <ele>337</ele>
        <time>2026-08-23T18:41:31.000Z</time>
      </trkpt>
      <trkpt lon="-7.90862" lat="38.570246">
        <ele>337</ele>
        <time>2026-08-23T18:41:32.000Z</time>
      </trkpt>
      <trkpt lon="-7.908671" lat="38.570291">
        <ele>337</ele>
        <time>2026-08-23T18:41:33.000Z</time>
      </trkpt>
      <trkpt lon="-7.908728" lat="38.570338">
        <ele>337</ele>
        <time>2026-08-23T18:41:34.000Z</time>
      </trkpt>
      <trkpt lon="-7.908777" lat="38.570384">
        <ele>337</ele>
        <time>2026-08-23T18:41:35.000Z</time>
      </trkpt>
      <trkpt lon="-7.908822" lat="38.570427">
        <ele>337</ele>
        <time>2026-08-23T18:41:36.000Z</time>
      </trkpt>
      <trkpt lon="-7.908898" lat="38.570481">
        <ele>337</ele>
        <time>2026-08-23T18:41:38.000Z</time>
      </trkpt>
      <trkpt lon="-7.909011" lat="38.570506">
        <ele>337</ele>
        <time>2026-08-23T18:41:40.000Z</time>
      </trkpt>
      <trkpt lon="-7.909079" lat="38.570504">
        <ele>337</ele>
        <time>2026-08-23T18:41:41.000Z</time>
      </trkpt>
      <trkpt lon="-7.909139" lat="38.570508">
        <ele>337</ele>
        <time>2026-08-23T18:41:42.000Z</time>
      </trkpt>
      <trkpt lon="-7.909228" lat="38.570526">
        <ele>337</ele>
        <time>2026-08-23T18:41:44.000Z</time>
      </trkpt>
      <trkpt lon="-7.909306" lat="38.570565">
        <ele>337</ele>
        <time>2026-08-23T18:41:46.000Z</time>
      </trkpt>
      <trkpt lon="-7.909347" lat="38.5706">
        <ele>337</ele>
        <time>2026-08-23T18:41:47.000Z</time>
      </trkpt>
      <trkpt lon="-7.909384" lat="38.570637">
        <ele>337</ele>
        <time>2026-08-23T18:41:48.000Z</time>
      </trkpt>
      <trkpt lon="-7.909454" lat="38.570691">
        <ele>337</ele>
        <time>2026-08-23T18:41:50.000Z</time>
      </trkpt>
      <trkpt lon="-7.909521" lat="38.570751">
        <ele>337</ele>
        <time>2026-08-23T18:41:52.000Z</time>
      </trkpt>
      <trkpt lon="-7.909558" lat="38.570786">
        <ele>337</ele>
        <time>2026-08-23T18:41:53.000Z</time>
      </trkpt>
      <trkpt lon="-7.909604" lat="38.570824">
        <ele>337</ele>
        <time>2026-08-23T18:41:54.000Z</time>
      </trkpt>
      <trkpt lon="-7.909652" lat="38.570863">
        <ele>337</ele>
        <time>2026-08-23T18:41:55.000Z</time>
      </trkpt>
      <trkpt lon="-7.909698" lat="38.570896">
        <ele>337</ele>
        <time>2026-08-23T18:41:56.000Z</time>
      </trkpt>
      <trkpt lon="-7.90977" lat="38.570959">
        <ele>337</ele>
        <time>2026-08-23T18:41:58.000Z</time>
      </trkpt>
      <trkpt lon="-7.909817" lat="38.57101">
        <ele>349</ele>
        <time>2026-08-23T18:42:00.000Z</time>
      </trkpt>
      <trkpt lon="-7.909887" lat="38.571062">
        <ele>349</ele>
        <time>2026-08-23T18:42:02.000Z</time>
      </trkpt>
      <trkpt lon="-7.90999" lat="38.571086">
        <ele>349</ele>
        <time>2026-08-23T18:42:04.000Z</time>
      </trkpt>
      <trkpt lon="-7.910105" lat="38.571081">
        <ele>349</ele>
        <time>2026-08-23T18:42:06.000Z</time>
      </trkpt>
      <trkpt lon="-7.910164" lat="38.571082">
        <ele>349</ele>
        <time>2026-08-23T18:42:07.000Z</time>
      </trkpt>
      <trkpt lon="-7.910222" lat="38.571078">
        <ele>349</ele>
        <time>2026-08-23T18:42:08.000Z</time>
      </trkpt>
      <trkpt lon="-7.910335" lat="38.571073">
        <ele>349</ele>
        <time>2026-08-23T18:42:10.000Z</time>
      </trkpt>
      <trkpt lon="-7.910439" lat="38.571064">
        <ele>349</ele>
        <time>2026-08-23T18:42:12.000Z</time>
      </trkpt>
      <trkpt lon="-7.910548" lat="38.571066">
        <ele>349</ele>
        <time>2026-08-23T18:42:14.000Z</time>
      </trkpt>
      <trkpt lon="-7.910638" lat="38.571057">
        <ele>349</ele>
        <time>2026-08-23T18:42:16.000Z</time>
      </trkpt>
      <trkpt lon="-7.910697" lat="38.571052">
        <ele>349</ele>
        <time>2026-08-23T18:42:18.000Z</time>
      </trkpt>
      <trkpt lon="-7.91076" lat="38.571064">
        <ele>344</ele>
        <time>2026-08-23T18:42:20.000Z</time>
      </trkpt>
      <trkpt lon="-7.910798" lat="38.571101">
        <ele>344</ele>
        <time>2026-08-23T18:42:22.000Z</time>
      </trkpt>
      <trkpt lon="-7.910828" lat="38.571165">
        <ele>344</ele>
        <time>2026-08-23T18:42:24.000Z</time>
      </trkpt>
      <trkpt lon="-7.910866" lat="38.571256">
        <ele>344</ele>
        <time>2026-08-23T18:42:26.000Z</time>
      </trkpt>
      <trkpt lon="-7.910881" lat="38.571305">
        <ele>344</ele>
        <time>2026-08-23T18:42:27.000Z</time>
      </trkpt>
      <trkpt lon="-7.910917" lat="38.571363">
        <ele>344</ele>
        <time>2026-08-23T18:42:29.000Z</time>
      </trkpt>
      <trkpt lon="-7.91095" lat="38.571406">
        <ele>344</ele>
        <time>2026-08-23T18:42:31.000Z</time>
      </trkpt>
      <trkpt lon="-7.910987" lat="38.571453">
        <ele>344</ele>
        <time>2026-08-23T18:42:33.000Z</time>
      </trkpt>
      <trkpt lon="-7.911016" lat="38.571493">
        <ele>344</ele>
        <time>2026-08-23T18:42:34.000Z</time>
      </trkpt>
      <trkpt lon="-7.911069" lat="38.571552">
        <ele>344</ele>
        <time>2026-08-23T18:42:35.000Z</time>
      </trkpt>
      <trkpt lon="-7.911112" lat="38.571631">
        <ele>342</ele>
        <time>2026-08-23T18:42:36.000Z</time>
      </trkpt>
      <trkpt lon="-7.911185" lat="38.571724">
        <ele>342</ele>
        <time>2026-08-23T18:42:37.000Z</time>
      </trkpt>
      <trkpt lon="-7.911273" lat="38.571825">
        <ele>342</ele>
        <time>2026-08-23T18:42:38.000Z</time>
      </trkpt>
      <trkpt lon="-7.911315" lat="38.571909">
        <ele>342</ele>
        <time>2026-08-23T18:42:39.000Z</time>
      </trkpt>
      <trkpt lon="-7.91135" lat="38.572072">
        <ele>342</ele>
        <time>2026-08-23T18:42:41.000Z</time>
      </trkpt>
      <trkpt lon="-7.911364" lat="38.572123">
        <ele>342</ele>
        <time>2026-08-23T18:42:42.000Z</time>
      </trkpt>
      <trkpt lon="-7.911383" lat="38.572172">
        <ele>342</ele>
        <time>2026-08-23T18:42:43.000Z</time>
      </trkpt>
      <trkpt lon="-7.911401" lat="38.572223">
        <ele>342</ele>
        <time>2026-08-23T18:42:44.000Z</time>
      </trkpt>
      <trkpt lon="-7.91147" lat="38.572226">
        <ele>342</ele>
        <time>2026-08-23T18:42:45.000Z</time>
      </trkpt>
      <trkpt lon="-7.911551" lat="38.572233">
        <ele>342</ele>
        <time>2026-08-23T18:42:46.000Z</time>
      </trkpt>
      <trkpt lon="-7.911648" lat="38.572238">
        <ele>342</ele>
        <time>2026-08-23T18:42:47.000Z</time>
      </trkpt>
      <trkpt lon="-7.911742" lat="38.572243">
        <ele>342</ele>
        <time>2026-08-23T18:42:48.000Z</time>
      </trkpt>
      <trkpt lon="-7.911826" lat="38.572253">
        <ele>342</ele>
        <time>2026-08-23T18:42:49.000Z</time>
      </trkpt>
      <trkpt lon="-7.911903" lat="38.572267">
        <ele>342</ele>
        <time>2026-08-23T18:42:50.000Z</time>
      </trkpt>
      <trkpt lon="-7.91198" lat="38.572276">
        <ele>342</ele>
        <time>2026-08-23T18:42:51.000Z</time>
      </trkpt>
      <trkpt lon="-7.912087" lat="38.572285">
        <ele>342</ele>
        <time>2026-08-23T18:42:53.000Z</time>
      </trkpt>
      <trkpt lon="-7.912201" lat="38.572302">
        <ele>342</ele>
        <time>2026-08-23T18:42:55.000Z</time>
      </trkpt>
      <trkpt lon="-7.91232" lat="38.572309">
        <ele>342</ele>
        <time>2026-08-23T18:42:57.000Z</time>
      </trkpt>
      <trkpt lon="-7.912394" lat="38.572318">
        <ele>342</ele>
        <time>2026-08-23T18:42:58.000Z</time>
      </trkpt>
      <trkpt lon="-7.912468" lat="38.572324">
        <ele>343</ele>
        <time>2026-08-23T18:42:59.000Z</time>
      </trkpt>
      <trkpt lon="-7.912578" lat="38.57234">
        <ele>343</ele>
        <time>2026-08-23T18:43:01.000Z</time>
      </trkpt>
      <trkpt lon="-7.912654" lat="38.572354">
        <ele>343</ele>
        <time>2026-08-23T18:43:02.000Z</time>
      </trkpt>
      <trkpt lon="-7.912748" lat="38.57241">
        <ele>343</ele>
        <time>2026-08-23T18:43:04.000Z</time>
      </trkpt>
      <trkpt lon="-7.912727" lat="38.572459">
        <ele>343</ele>
        <time>2026-08-23T18:43:05.000Z</time>
      </trkpt>
      <trkpt lon="-7.912732" lat="38.572543">
        <ele>343</ele>
        <time>2026-08-23T18:43:07.000Z</time>
      </trkpt>
      <trkpt lon="-7.912723" lat="38.572588">
        <ele>343</ele>
        <time>2026-08-23T18:43:08.000Z</time>
      </trkpt>
      <trkpt lon="-7.912704" lat="38.572634">
        <ele>343</ele>
        <time>2026-08-23T18:43:09.000Z</time>
      </trkpt>
      <trkpt lon="-7.9127" lat="38.572687">
        <ele>343</ele>
        <time>2026-08-23T18:43:10.000Z</time>
      </trkpt>
      <trkpt lon="-7.912712" lat="38.572741">
        <ele>343</ele>
        <time>2026-08-23T18:43:11.000Z</time>
      </trkpt>
      <trkpt lon="-7.912722" lat="38.572819">
        <ele>343</ele>
        <time>2026-08-23T18:43:13.000Z</time>
      </trkpt>
      <trkpt lon="-7.912642" lat="38.572844">
        <ele>343</ele>
        <time>2026-08-23T18:43:15.000Z</time>
      </trkpt>
      <trkpt lon="-7.912544" lat="38.572845">
        <ele>343</ele>
        <time>2026-08-23T18:43:17.000Z</time>
      </trkpt>
      <trkpt lon="-7.912489" lat="38.572856">
        <ele>343</ele>
        <time>2026-08-23T18:43:18.000Z</time>
      </trkpt>
      <trkpt lon="-7.912425" lat="38.572874">
        <ele>343</ele>
        <time>2026-08-23T18:43:19.000Z</time>
      </trkpt>
      <trkpt lon="-7.912356" lat="38.572908">
        <ele>343</ele>
        <time>2026-08-23T18:43:20.000Z</time>
      </trkpt>
      <trkpt lon="-7.912288" lat="38.572938">
        <ele>343</ele>
        <time>2026-08-23T18:43:21.000Z</time>
      </trkpt>
      <trkpt lon="-7.912213" lat="38.572967">
        <ele>343</ele>
        <time>2026-08-23T18:43:22.000Z</time>
      </trkpt>
      <trkpt lon="-7.912146" lat="38.572995">
        <ele>348</ele>
        <time>2026-08-23T18:43:23.000Z</time>
      </trkpt>
      <trkpt lon="-7.912093" lat="38.573034">
        <ele>348</ele>
        <time>2026-08-23T18:43:24.000Z</time>
      </trkpt>
      <trkpt lon="-7.912081" lat="38.573088">
        <ele>348</ele>
        <time>2026-08-23T18:43:25.000Z</time>
      </trkpt>
      <trkpt lon="-7.912103" lat="38.573144">
        <ele>348</ele>
        <time>2026-08-23T18:43:26.000Z</time>
      </trkpt>
      <trkpt lon="-7.912148" lat="38.573193">
        <ele>348</ele>
        <time>2026-08-23T18:43:27.000Z</time>
      </trkpt>
      <trkpt lon="-7.912168" lat="38.573242">
        <ele>348</ele>
        <time>2026-08-23T18:43:28.000Z</time>
      </trkpt>
      <trkpt lon="-7.912146" lat="38.573301">
        <ele>348</ele>
        <time>2026-08-23T18:43:29.000Z</time>
      </trkpt>
      <trkpt lon="-7.912088" lat="38.57335">
        <ele>348</ele>
        <time>2026-08-23T18:43:30.000Z</time>
      </trkpt>
      <trkpt lon="-7.912031" lat="38.573398">
        <ele>348</ele>
        <time>2026-08-23T18:43:31.000Z</time>
      </trkpt>
      <trkpt lon="-7.911993" lat="38.573435">
        <ele>348</ele>
        <time>2026-08-23T18:43:32.000Z</time>
      </trkpt>
      <trkpt lon="-7.911943" lat="38.573466">
        <ele>348</ele>
        <time>2026-08-23T18:43:34.000Z</time>
      </trkpt>
      <trkpt lon="-7.911846" lat="38.573489">
        <ele>348</ele>
        <time>2026-08-23T18:43:37.000Z</time>
      </trkpt>
      <trkpt lon="-7.911793" lat="38.573462">
        <ele>348</ele>
        <time>2026-08-23T18:43:38.000Z</time>
      </trkpt>
      <trkpt lon="-7.91173" lat="38.573442">
        <ele>348</ele>
        <time>2026-08-23T18:43:39.000Z</time>
      </trkpt>
      <trkpt lon="-7.911652" lat="38.573416">
        <ele>348</ele>
        <time>2026-08-23T18:43:40.000Z</time>
      </trkpt>
      <trkpt lon="-7.911551" lat="38.573393">
        <ele>348</ele>
        <time>2026-08-23T18:43:41.000Z</time>
      </trkpt>
      <trkpt lon="-7.911452" lat="38.573353">
        <ele>348</ele>
        <time>2026-08-23T18:43:42.000Z</time>
      </trkpt>
      <trkpt lon="-7.911364" lat="38.573303">
        <ele>348</ele>
        <time>2026-08-23T18:43:43.000Z</time>
      </trkpt>
      <trkpt lon="-7.911296" lat="38.573269">
        <ele>348</ele>
        <time>2026-08-23T18:43:44.000Z</time>
      </trkpt>
      <trkpt lon="-7.911231" lat="38.573237">
        <ele>348</ele>
        <time>2026-08-23T18:43:45.000Z</time>
      </trkpt>
      <trkpt lon="-7.911178" lat="38.573202">
        <ele>349</ele>
        <time>2026-08-23T18:43:46.000Z</time>
      </trkpt>
      <trkpt lon="-7.911121" lat="38.573178">
        <ele>349</ele>
        <time>2026-08-23T18:43:47.000Z</time>
      </trkpt>
      <trkpt lon="-7.91107" lat="38.57315">
        <ele>349</ele>
        <time>2026-08-23T18:43:48.000Z</time>
      </trkpt>
      <trkpt lon="-7.911003" lat="38.573102">
        <ele>349</ele>
        <time>2026-08-23T18:43:50.000Z</time>
      </trkpt>
      <trkpt lon="-7.910925" lat="38.573054">
        <ele>349</ele>
        <time>2026-08-23T18:43:52.000Z</time>
      </trkpt>
      <trkpt lon="-7.910855" lat="38.573006">
        <ele>349</ele>
        <time>2026-08-23T18:43:54.000Z</time>
      </trkpt>
      <trkpt lon="-7.910786" lat="38.572958">
        <ele>349</ele>
        <time>2026-08-23T18:43:56.000Z</time>
      </trkpt>
      <trkpt lon="-7.9107" lat="38.572919">
        <ele>349</ele>
        <time>2026-08-23T18:43:58.000Z</time>
      </trkpt>
      <trkpt lon="-7.910615" lat="38.572921">
        <ele>349</ele>
        <time>2026-08-23T18:44:00.000Z</time>
      </trkpt>
      <trkpt lon="-7.910564" lat="38.572947">
        <ele>349</ele>
        <time>2026-08-23T18:44:02.000Z</time>
      </trkpt>
      <trkpt lon="-7.9105" lat="38.572984">
        <ele>349</ele>
        <time>2026-08-23T18:44:04.000Z</time>
      </trkpt>
      <trkpt lon="-7.910366" lat="38.572997">
        <ele>349</ele>
        <time>2026-08-23T18:44:06.000Z</time>
      </trkpt>
      <trkpt lon="-7.910279" lat="38.57301">
        <ele>349</ele>
        <time>2026-08-23T18:44:07.000Z</time>
      </trkpt>
      <trkpt lon="-7.910164" lat="38.573057">
        <ele>349</ele>
        <time>2026-08-23T18:44:08.000Z</time>
      </trkpt>
      <trkpt lon="-7.910022" lat="38.573101">
        <ele>350</ele>
        <time>2026-08-23T18:44:09.000Z</time>
      </trkpt>
      <trkpt lon="-7.909875" lat="38.573132">
        <ele>350</ele>
        <time>2026-08-23T18:44:10.000Z</time>
      </trkpt>
      <trkpt lon="-7.909662" lat="38.573148">
        <ele>350</ele>
        <time>2026-08-23T18:44:12.000Z</time>
      </trkpt>
      <trkpt lon="-7.909577" lat="38.573159">
        <ele>350</ele>
        <time>2026-08-23T18:44:13.000Z</time>
      </trkpt>
      <trkpt lon="-7.909502" lat="38.573168">
        <ele>350</ele>
        <time>2026-08-23T18:44:14.000Z</time>
      </trkpt>
      <trkpt lon="-7.909442" lat="38.573172">
        <ele>350</ele>
        <time>2026-08-23T18:44:15.000Z</time>
      </trkpt>
      <trkpt lon="-7.909378" lat="38.573167">
        <ele>350</ele>
        <time>2026-08-23T18:44:16.000Z</time>
      </trkpt>
      <trkpt lon="-7.909322" lat="38.573121">
        <ele>350</ele>
        <time>2026-08-23T18:44:17.000Z</time>
      </trkpt>
      <trkpt lon="-7.909272" lat="38.573074">
        <ele>350</ele>
        <time>2026-08-23T18:44:18.000Z</time>
      </trkpt>
      <trkpt lon="-7.909226" lat="38.573015">
        <ele>350</ele>
        <time>2026-08-23T18:44:19.000Z</time>
      </trkpt>
      <trkpt lon="-7.9092" lat="38.572957">
        <ele>350</ele>
        <time>2026-08-23T18:44:20.000Z</time>
      </trkpt>
      <trkpt lon="-7.909174" lat="38.572908">
        <ele>350</ele>
        <time>2026-08-23T18:44:21.000Z</time>
      </trkpt>
      <trkpt lon="-7.909146" lat="38.572853">
        <ele>350</ele>
        <time>2026-08-23T18:44:22.000Z</time>
      </trkpt>
      <trkpt lon="-7.909117" lat="38.572813">
        <ele>350</ele>
        <time>2026-08-23T18:44:23.000Z</time>
      </trkpt>
      <trkpt lon="-7.909082" lat="38.572774">
        <ele>350</ele>
        <time>2026-08-23T18:44:24.000Z</time>
      </trkpt>
      <trkpt lon="-7.909052" lat="38.572731">
        <ele>350</ele>
        <time>2026-08-23T18:44:25.000Z</time>
      </trkpt>
      <trkpt lon="-7.909019" lat="38.572686">
        <ele>350</ele>
        <time>2026-08-23T18:44:26.000Z</time>
      </trkpt>
      <trkpt lon="-7.90897" lat="38.572627">
        <ele>350</ele>
        <time>2026-08-23T18:44:27.000Z</time>
      </trkpt>
      <trkpt lon="-7.908922" lat="38.572562">
        <ele>350</ele>
        <time>2026-08-23T18:44:28.000Z</time>
      </trkpt>
      <trkpt lon="-7.90888" lat="38.572505">
        <ele>350</ele>
        <time>2026-08-23T18:44:29.000Z</time>
      </trkpt>
      <trkpt lon="-7.908857" lat="38.572457">
        <ele>350</ele>
        <time>2026-08-23T18:44:30.000Z</time>
      </trkpt>
      <trkpt lon="-7.908821" lat="38.572409">
        <ele>350</ele>
        <time>2026-08-23T18:44:31.000Z</time>
      </trkpt>
      <trkpt lon="-7.908792" lat="38.572368">
        <ele>350</ele>
        <time>2026-08-23T18:44:32.000Z</time>
      </trkpt>
      <trkpt lon="-7.908765" lat="38.572326">
        <ele>360</ele>
        <time>2026-08-23T18:44:33.000Z</time>
      </trkpt>
      <trkpt lon="-7.90875" lat="38.572256">
        <ele>360</ele>
        <time>2026-08-23T18:44:35.000Z</time>
      </trkpt>
      <trkpt lon="-7.908733" lat="38.572202">
        <ele>360</ele>
        <time>2026-08-23T18:44:36.000Z</time>
      </trkpt>
      <trkpt lon="-7.908779" lat="38.572121">
        <ele>360</ele>
        <time>2026-08-23T18:44:38.000Z</time>
      </trkpt>
      <trkpt lon="-7.908792" lat="38.572053">
        <ele>360</ele>
        <time>2026-08-23T18:44:40.000Z</time>
      </trkpt>
      <trkpt lon="-7.908792" lat="38.571999">
        <ele>360</ele>
        <time>2026-08-23T18:44:41.000Z</time>
      </trkpt>
      <trkpt lon="-7.908841" lat="38.571923">
        <ele>360</ele>
        <time>2026-08-23T18:44:43.000Z</time>
      </trkpt>
      <trkpt lon="-7.908894" lat="38.571879">
        <ele>360</ele>
        <time>2026-08-23T18:44:44.000Z</time>
      </trkpt>
      <trkpt lon="-7.908929" lat="38.571804">
        <ele>360</ele>
        <time>2026-08-23T18:44:46.000Z</time>
      </trkpt>
      <trkpt lon="-7.908915" lat="38.571756">
        <ele>360</ele>
        <time>2026-08-23T18:44:47.000Z</time>
      </trkpt>
      <trkpt lon="-7.908871" lat="38.571689">
        <ele>360</ele>
        <time>2026-08-23T18:44:49.000Z</time>
      </trkpt>
      <trkpt lon="-7.908821" lat="38.571628">
        <ele>360</ele>
        <time>2026-08-23T18:44:51.000Z</time>
      </trkpt>
      <trkpt lon="-7.908765" lat="38.571612">
        <ele>360</ele>
        <time>2026-08-23T18:44:52.000Z</time>
      </trkpt>
      <trkpt lon="-7.908671" lat="38.571608">
        <ele>357</ele>
        <time>2026-08-23T18:44:54.000Z</time>
      </trkpt>
      <trkpt lon="-7.90862" lat="38.571634">
        <ele>357</ele>
        <time>2026-08-23T18:44:55.000Z</time>
      </trkpt>
      <trkpt lon="-7.908558" lat="38.571671">
        <ele>357</ele>
        <time>2026-08-23T18:44:56.000Z</time>
      </trkpt>
      <trkpt lon="-7.90849" lat="38.571713">
        <ele>357</ele>
        <time>2026-08-23T18:44:57.000Z</time>
      </trkpt>
      <trkpt lon="-7.908428" lat="38.571763">
        <ele>357</ele>
        <time>2026-08-23T18:44:58.000Z</time>
      </trkpt>
      <trkpt lon="-7.908388" lat="38.571825">
        <ele>357</ele>
        <time>2026-08-23T18:44:59.000Z</time>
      </trkpt>
      <trkpt lon="-7.908336" lat="38.571866">
        <ele>357</ele>
        <time>2026-08-23T18:45:00.000Z</time>
      </trkpt>
      <trkpt lon="-7.908282" lat="38.571917">
        <ele>357</ele>
        <time>2026-08-23T18:45:01.000Z</time>
      </trkpt>
      <trkpt lon="-7.908206" lat="38.571949">
        <ele>357</ele>
        <time>2026-08-23T18:45:02.000Z</time>
      </trkpt>
      <trkpt lon="-7.908128" lat="38.57198">
        <ele>357</ele>
        <time>2026-08-23T18:45:03.000Z</time>
      </trkpt>
      <trkpt lon="-7.908055" lat="38.571994">
        <ele>357</ele>
        <time>2026-08-23T18:45:04.000Z</time>
      </trkpt>
      <trkpt lon="-7.907982" lat="38.572002">
        <ele>357</ele>
        <time>2026-08-23T18:45:05.000Z</time>
      </trkpt>
      <trkpt lon="-7.907921" lat="38.572025">
        <ele>357</ele>
        <time>2026-08-23T18:45:06.000Z</time>
      </trkpt>
      <trkpt lon="-7.907828" lat="38.572059">
        <ele>357</ele>
        <time>2026-08-23T18:45:08.000Z</time>
      </trkpt>
      <trkpt lon="-7.907739" lat="38.572087">
        <ele>357</ele>
        <time>2026-08-23T18:45:10.000Z</time>
      </trkpt>
      <trkpt lon="-7.907645" lat="38.572124">
        <ele>357</ele>
        <time>2026-08-23T18:45:12.000Z</time>
      </trkpt>
      <trkpt lon="-7.907599" lat="38.572159">
        <ele>357</ele>
        <time>2026-08-23T18:45:13.000Z</time>
      </trkpt>
      <trkpt lon="-7.90754" lat="38.572181">
        <ele>357</ele>
        <time>2026-08-23T18:45:14.000Z</time>
      </trkpt>
      <trkpt lon="-7.907488" lat="38.572205">
        <ele>357</ele>
        <time>2026-08-23T18:45:15.000Z</time>
      </trkpt>
      <trkpt lon="-7.907434" lat="38.572234">
        <ele>362</ele>
        <time>2026-08-23T18:45:16.000Z</time>
      </trkpt>
      <trkpt lon="-7.907391" lat="38.572265">
        <ele>362</ele>
        <time>2026-08-23T18:45:17.000Z</time>
      </trkpt>
      <trkpt lon="-7.90736" lat="38.572305">
        <ele>362</ele>
        <time>2026-08-23T18:45:18.000Z</time>
      </trkpt>
      <trkpt lon="-7.907366" lat="38.572388">
        <ele>362</ele>
        <time>2026-08-23T18:45:20.000Z</time>
      </trkpt>
      <trkpt lon="-7.907413" lat="38.572462">
        <ele>362</ele>
        <time>2026-08-23T18:45:22.000Z</time>
      </trkpt>
      <trkpt lon="-7.907389" lat="38.572505">
        <ele>362</ele>
        <time>2026-08-23T18:45:26.000Z</time>
      </trkpt>
      <trkpt lon="-7.907399" lat="38.572497">
        <ele>362</ele>
        <time>2026-08-23T18:45:29.000Z</time>
      </trkpt>
      <trkpt lon="-7.907317" lat="38.572504">
        <ele>365</ele>
        <time>2026-08-23T18:45:37.000Z</time>
      </trkpt>
      <trkpt lon="-7.907259" lat="38.572527">
        <ele>365</ele>
        <time>2026-08-23T18:45:40.000Z</time>
      </trkpt>
      <trkpt lon="-7.907251" lat="38.572526">
        <ele>365</ele>
        <time>2026-08-23T18:45:41.000Z</time>
      </trkpt>
      <trkpt lon="-7.907257" lat="38.572527">
        <ele>365</ele>
        <time>2026-08-23T18:45:43.000Z</time>
      </trkpt>
      <trkpt lon="-7.907303" lat="38.572498">
        <ele>365</ele>
        <time>2026-08-23T18:46:05.000Z</time>
      </trkpt>
      <trkpt lon="-7.907293" lat="38.572498">
        <ele>364</ele>
        <time>2026-08-23T18:46:08.000Z</time>
      </trkpt>
      <trkpt lon="-7.907231" lat="38.572503">
        <ele>365</ele>
        <time>2026-08-23T18:46:23.000Z</time>
      </trkpt>
      <trkpt lon="-7.907223" lat="38.572503">
        <ele>364</ele>
        <time>2026-08-23T18:46:27.000Z</time>
      </trkpt>
      <trkpt lon="-7.907231" lat="38.572548">
        <ele>364</ele>
        <time>2026-08-23T18:46:54.000Z</time>
      </trkpt>
      <trkpt lon="-7.907232" lat="38.572546">
        <ele>364</ele>
        <time>2026-08-23T18:46:55.000Z</time>
      </trkpt>
      <trkpt lon="-7.907195" lat="38.572504">
        <ele>361</ele>
        <time>2026-08-23T18:47:09.000Z</time>
      </trkpt>
      <trkpt lon="-7.907194" lat="38.572488">
        <ele>363</ele>
        <time>2026-08-23T18:47:11.000Z</time>
      </trkpt>
      <trkpt lon="-7.90719" lat="38.572482">
        <ele>363</ele>
        <time>2026-08-23T18:47:17.000Z</time>
      </trkpt>
      <trkpt lon="-7.907175" lat="38.572433">
        <ele>361</ele>
        <time>2026-08-23T18:47:34.000Z</time>
      </trkpt>
      <trkpt lon="-7.907167" lat="38.572427">
        <ele>361</ele>
        <time>2026-08-23T18:47:35.000Z</time>
      </trkpt>
      <trkpt lon="-7.907162" lat="38.57243">
        <ele>365</ele>
        <time>2026-08-23T18:47:38.000Z</time>
      </trkpt>
      <trkpt lon="-7.907127" lat="38.572387">
        <ele>365</ele>
        <time>2026-08-23T18:48:04.000Z</time>
      </trkpt>
      <trkpt lon="-7.907114" lat="38.572377">
        <ele>365</ele>
        <time>2026-08-23T18:48:07.000Z</time>
      </trkpt>
      <trkpt lon="-7.907145" lat="38.572425">
        <ele>363</ele>
        <time>2026-08-23T18:48:24.000Z</time>
      </trkpt>
      <trkpt lon="-7.907155" lat="38.572436">
        <ele>363</ele>
        <time>2026-08-23T18:48:26.000Z</time>
      </trkpt>
      <trkpt lon="-7.907178" lat="38.572452">
        <ele>365</ele>
        <time>2026-08-23T18:48:31.000Z</time>
      </trkpt>
      <trkpt lon="-7.90719" lat="38.572505">
        <ele>364</ele>
        <time>2026-08-23T18:49:10.000Z</time>
      </trkpt>
      <trkpt lon="-7.907254" lat="38.572517">
        <ele>364</ele>
        <time>2026-08-23T18:49:18.000Z</time>
      </trkpt>
      <trkpt lon="-7.907259" lat="38.572527">
        <ele>363</ele>
        <time>2026-08-23T18:49:53.000Z</time>
      </trkpt>
      <trkpt lon="-7.907202" lat="38.572504">
        <ele>365</ele>
        <time>2026-08-23T18:50:21.000Z</time>
      </trkpt>
      <trkpt lon="-7.907161" lat="38.572431">
        <ele>364</ele>
        <time>2026-08-23T18:50:23.000Z</time>
      </trkpt>
      <trkpt lon="-7.907178" lat="38.572375">
        <ele>364</ele>
        <time>2026-08-23T18:50:25.000Z</time>
      </trkpt>
      <trkpt lon="-7.907225" lat="38.572327">
        <ele>364</ele>
        <time>2026-08-23T18:50:27.000Z</time>
      </trkpt>
      <trkpt lon="-7.907262" lat="38.572328">
        <ele>364</ele>
        <time>2026-08-23T18:50:29.000Z</time>
      </trkpt>
      <trkpt lon="-7.907264" lat="38.572331">
        <ele>364</ele>
        <time>2026-08-23T18:50:30.000Z</time>
      </trkpt>
      <trkpt lon="-7.907343" lat="38.572337">
        <ele>361</ele>
        <time>2026-08-23T18:52:06.000Z</time>
      </trkpt>
      <trkpt lon="-7.907402" lat="38.57239">
        <ele>361</ele>
        <time>2026-08-23T18:52:09.000Z</time>
      </trkpt>
      <trkpt lon="-7.907426" lat="38.572452">
        <ele>361</ele>
        <time>2026-08-23T18:52:10.000Z</time>
      </trkpt>
      <trkpt lon="-7.907459" lat="38.5725">
        <ele>361</ele>
        <time>2026-08-23T18:52:11.000Z</time>
      </trkpt>
      <trkpt lon="-7.907538" lat="38.572592">
        <ele>361</ele>
        <time>2026-08-23T18:52:12.000Z</time>
      </trkpt>
      <trkpt lon="-7.907603" lat="38.572688">
        <ele>361</ele>
        <time>2026-08-23T18:52:14.000Z</time>
      </trkpt>
      <trkpt lon="-7.907654" lat="38.572753">
        <ele>361</ele>
        <time>2026-08-23T18:52:16.000Z</time>
      </trkpt>
      <trkpt lon="-7.907659" lat="38.572801">
        <ele>361</ele>
        <time>2026-08-23T18:52:18.000Z</time>
      </trkpt>
      <trkpt lon="-7.907581" lat="38.572876">
        <ele>361</ele>
        <time>2026-08-23T18:52:20.000Z</time>
      </trkpt>
      <trkpt lon="-7.907504" lat="38.572899">
        <ele>361</ele>
        <time>2026-08-23T18:52:21.000Z</time>
      </trkpt>
      <trkpt lon="-7.907451" lat="38.572974">
        <ele>361</ele>
        <time>2026-08-23T18:52:23.000Z</time>
      </trkpt>
      <trkpt lon="-7.907516" lat="38.573098">
        <ele>361</ele>
        <time>2026-08-23T18:52:25.000Z</time>
      </trkpt>
      <trkpt lon="-7.907546" lat="38.573139">
        <ele>361</ele>
        <time>2026-08-23T18:52:26.000Z</time>
      </trkpt>
      <trkpt lon="-7.907579" lat="38.573188">
        <ele>361</ele>
        <time>2026-08-23T18:52:27.000Z</time>
      </trkpt>
      <trkpt lon="-7.907625" lat="38.573237">
        <ele>361</ele>
        <time>2026-08-23T18:52:28.000Z</time>
      </trkpt>
      <trkpt lon="-7.907664" lat="38.573281">
        <ele>361</ele>
        <time>2026-08-23T18:52:29.000Z</time>
      </trkpt>
      <trkpt lon="-7.907699" lat="38.573328">
        <ele>361</ele>
        <time>2026-08-23T18:52:30.000Z</time>
      </trkpt>
      <trkpt lon="-7.907737" lat="38.573374">
        <ele>361</ele>
        <time>2026-08-23T18:52:31.000Z</time>
      </trkpt>
      <trkpt lon="-7.907771" lat="38.573417">
        <ele>361</ele>
        <time>2026-08-23T18:52:32.000Z</time>
      </trkpt>
      <trkpt lon="-7.907831" lat="38.573492">
        <ele>361</ele>
        <time>2026-08-23T18:52:34.000Z</time>
      </trkpt>
      <trkpt lon="-7.907848" lat="38.573539">
        <ele>361</ele>
        <time>2026-08-23T18:52:35.000Z</time>
      </trkpt>
      <trkpt lon="-7.907817" lat="38.573588">
        <ele>361</ele>
        <time>2026-08-23T18:52:36.000Z</time>
      </trkpt>
      <trkpt lon="-7.907761" lat="38.573626">
        <ele>364</ele>
        <time>2026-08-23T18:52:37.000Z</time>
      </trkpt>
      <trkpt lon="-7.907682" lat="38.573663">
        <ele>364</ele>
        <time>2026-08-23T18:52:38.000Z</time>
      </trkpt>
      <trkpt lon="-7.907579" lat="38.57368">
        <ele>364</ele>
        <time>2026-08-23T18:52:39.000Z</time>
      </trkpt>
      <trkpt lon="-7.90747" lat="38.573695">
        <ele>364</ele>
        <time>2026-08-23T18:52:40.000Z</time>
      </trkpt>
      <trkpt lon="-7.90738" lat="38.573716">
        <ele>364</ele>
        <time>2026-08-23T18:52:41.000Z</time>
      </trkpt>
      <trkpt lon="-7.907284" lat="38.573736">
        <ele>364</ele>
        <time>2026-08-23T18:52:42.000Z</time>
      </trkpt>
      <trkpt lon="-7.90718" lat="38.573754">
        <ele>364</ele>
        <time>2026-08-23T18:52:43.000Z</time>
      </trkpt>
      <trkpt lon="-7.90708" lat="38.573766">
        <ele>364</ele>
        <time>2026-08-23T18:52:44.000Z</time>
      </trkpt>
      <trkpt lon="-7.906984" lat="38.573773">
        <ele>364</ele>
        <time>2026-08-23T18:52:45.000Z</time>
      </trkpt>
      <trkpt lon="-7.906903" lat="38.573781">
        <ele>364</ele>
        <time>2026-08-23T18:52:46.000Z</time>
      </trkpt>
      <trkpt lon="-7.906844" lat="38.573784">
        <ele>364</ele>
        <time>2026-08-23T18:52:47.000Z</time>
      </trkpt>
      <trkpt lon="-7.906777" lat="38.573786">
        <ele>364</ele>
        <time>2026-08-23T18:52:48.000Z</time>
      </trkpt>
      <trkpt lon="-7.906712" lat="38.573794">
        <ele>364</ele>
        <time>2026-08-23T18:52:49.000Z</time>
      </trkpt>
      <trkpt lon="-7.906632" lat="38.573833">
        <ele>364</ele>
        <time>2026-08-23T18:52:50.000Z</time>
      </trkpt>
      <trkpt lon="-7.90656" lat="38.573893">
        <ele>364</ele>
        <time>2026-08-23T18:52:51.000Z</time>
      </trkpt>
      <trkpt lon="-7.906501" lat="38.573966">
        <ele>364</ele>
        <time>2026-08-23T18:52:52.000Z</time>
      </trkpt>
      <trkpt lon="-7.906434" lat="38.574047">
        <ele>364</ele>
        <time>2026-08-23T18:52:53.000Z</time>
      </trkpt>
      <trkpt lon="-7.906362" lat="38.574122">
        <ele>364</ele>
        <time>2026-08-23T18:52:54.000Z</time>
      </trkpt>
      <trkpt lon="-7.906284" lat="38.574191">
        <ele>364</ele>
        <time>2026-08-23T18:52:55.000Z</time>
      </trkpt>
      <trkpt lon="-7.906204" lat="38.57426">
        <ele>364</ele>
        <time>2026-08-23T18:52:56.000Z</time>
      </trkpt>
      <trkpt lon="-7.906059" lat="38.574397">
        <ele>364</ele>
        <time>2026-08-23T18:52:58.000Z</time>
      </trkpt>
      <trkpt lon="-7.905988" lat="38.574463">
        <ele>364</ele>
        <time>2026-08-23T18:52:59.000Z</time>
      </trkpt>
      <trkpt lon="-7.905925" lat="38.574531">
        <ele>364</ele>
        <time>2026-08-23T18:53:00.000Z</time>
      </trkpt>
      <trkpt lon="-7.905859" lat="38.574598">
        <ele>364</ele>
        <time>2026-08-23T18:53:01.000Z</time>
      </trkpt>
      <trkpt lon="-7.905791" lat="38.574661">
        <ele>364</ele>
        <time>2026-08-23T18:53:02.000Z</time>
      </trkpt>
      <trkpt lon="-7.905718" lat="38.574716">
        <ele>364</ele>
        <time>2026-08-23T18:53:03.000Z</time>
      </trkpt>
      <trkpt lon="-7.90564" lat="38.57477">
        <ele>364</ele>
        <time>2026-08-23T18:53:04.000Z</time>
      </trkpt>
      <trkpt lon="-7.905528" lat="38.57483">
        <ele>364</ele>
        <time>2026-08-23T18:53:05.000Z</time>
      </trkpt>
      <trkpt lon="-7.905409" lat="38.574893">
        <ele>364</ele>
        <time>2026-08-23T18:53:06.000Z</time>
      </trkpt>
      <trkpt lon="-7.905315" lat="38.574965">
        <ele>364</ele>
        <time>2026-08-23T18:53:07.000Z</time>
      </trkpt>
      <trkpt lon="-7.905222" lat="38.575137">
        <ele>364</ele>
        <time>2026-08-23T18:53:09.000Z</time>
      </trkpt>
      <trkpt lon="-7.90516" lat="38.575231">
        <ele>364</ele>
        <time>2026-08-23T18:53:10.000Z</time>
      </trkpt>
      <trkpt lon="-7.905058" lat="38.575408">
        <ele>364</ele>
        <time>2026-08-23T18:53:11.000Z</time>
      </trkpt>
      <trkpt lon="-7.904965" lat="38.575518">
        <ele>364</ele>
        <time>2026-08-23T18:53:12.000Z</time>
      </trkpt>
      <trkpt lon="-7.904893" lat="38.575623">
        <ele>364</ele>
        <time>2026-08-23T18:53:13.000Z</time>
      </trkpt>
      <trkpt lon="-7.904814" lat="38.575719">
        <ele>364</ele>
        <time>2026-08-23T18:53:14.000Z</time>
      </trkpt>
      <trkpt lon="-7.904743" lat="38.575819">
        <ele>364</ele>
        <time>2026-08-23T18:53:15.000Z</time>
      </trkpt>
      <trkpt lon="-7.904674" lat="38.575906">
        <ele>364</ele>
        <time>2026-08-23T18:53:16.000Z</time>
      </trkpt>
      <trkpt lon="-7.90461" lat="38.575992">
        <ele>364</ele>
        <time>2026-08-23T18:53:17.000Z</time>
      </trkpt>
      <trkpt lon="-7.904548" lat="38.57607">
        <ele>364</ele>
        <time>2026-08-23T18:53:18.000Z</time>
      </trkpt>
      <trkpt lon="-7.904424" lat="38.576232">
        <ele>364</ele>
        <time>2026-08-23T18:53:20.000Z</time>
      </trkpt>
      <trkpt lon="-7.904347" lat="38.576326">
        <ele>364</ele>
        <time>2026-08-23T18:53:21.000Z</time>
      </trkpt>
      <trkpt lon="-7.904273" lat="38.576415">
        <ele>364</ele>
        <time>2026-08-23T18:53:22.000Z</time>
      </trkpt>
      <trkpt lon="-7.904199" lat="38.576501">
        <ele>364</ele>
        <time>2026-08-23T18:53:23.000Z</time>
      </trkpt>
      <trkpt lon="-7.904115" lat="38.576598">
        <ele>327</ele>
        <time>2026-08-23T18:53:24.000Z</time>
      </trkpt>
      <trkpt lon="-7.904032" lat="38.57669">
        <ele>327</ele>
        <time>2026-08-23T18:53:25.000Z</time>
      </trkpt>
      <trkpt lon="-7.903927" lat="38.576792">
        <ele>327</ele>
        <time>2026-08-23T18:53:26.000Z</time>
      </trkpt>
      <trkpt lon="-7.903799" lat="38.57689">
        <ele>327</ele>
        <time>2026-08-23T18:53:27.000Z</time>
      </trkpt>
      <trkpt lon="-7.90367" lat="38.576987">
        <ele>327</ele>
        <time>2026-08-23T18:53:28.000Z</time>
      </trkpt>
      <trkpt lon="-7.903555" lat="38.577064">
        <ele>327</ele>
        <time>2026-08-23T18:53:29.000Z</time>
      </trkpt>
      <trkpt lon="-7.903435" lat="38.57715">
        <ele>327</ele>
        <time>2026-08-23T18:53:30.000Z</time>
      </trkpt>
      <trkpt lon="-7.903313" lat="38.577239">
        <ele>327</ele>
        <time>2026-08-23T18:53:31.000Z</time>
      </trkpt>
      <trkpt lon="-7.903196" lat="38.577324">
        <ele>327</ele>
        <time>2026-08-23T18:53:32.000Z</time>
      </trkpt>
      <trkpt lon="-7.90308" lat="38.577407">
        <ele>327</ele>
        <time>2026-08-23T18:53:33.000Z</time>
      </trkpt>
      <trkpt lon="-7.902965" lat="38.57749">
        <ele>327</ele>
        <time>2026-08-23T18:53:34.000Z</time>
      </trkpt>
      <trkpt lon="-7.902858" lat="38.577567">
        <ele>327</ele>
        <time>2026-08-23T18:53:35.000Z</time>
      </trkpt>
      <trkpt lon="-7.902755" lat="38.577641">
        <ele>327</ele>
        <time>2026-08-23T18:53:36.000Z</time>
      </trkpt>
      <trkpt lon="-7.902635" lat="38.577718">
        <ele>327</ele>
        <time>2026-08-23T18:53:37.000Z</time>
      </trkpt>
      <trkpt lon="-7.902506" lat="38.57779">
        <ele>327</ele>
        <time>2026-08-23T18:53:38.000Z</time>
      </trkpt>
      <trkpt lon="-7.90238" lat="38.577829">
        <ele>327</ele>
        <time>2026-08-23T18:53:39.000Z</time>
      </trkpt>
      <trkpt lon="-7.902272" lat="38.577878">
        <ele>327</ele>
        <time>2026-08-23T18:53:40.000Z</time>
      </trkpt>
      <trkpt lon="-7.902212" lat="38.578">
        <ele>327</ele>
        <time>2026-08-23T18:53:41.000Z</time>
      </trkpt>
      <trkpt lon="-7.902118" lat="38.578115">
        <ele>327</ele>
        <time>2026-08-23T18:53:42.000Z</time>
      </trkpt>
      <trkpt lon="-7.901963" lat="38.578205">
        <ele>327</ele>
        <time>2026-08-23T18:53:43.000Z</time>
      </trkpt>
      <trkpt lon="-7.90184" lat="38.578289">
        <ele>327</ele>
        <time>2026-08-23T18:53:44.000Z</time>
      </trkpt>
      <trkpt lon="-7.901731" lat="38.578376">
        <ele>327</ele>
        <time>2026-08-23T18:53:45.000Z</time>
      </trkpt>
      <trkpt lon="-7.9016" lat="38.57848">
        <ele>327</ele>
        <time>2026-08-23T18:53:46.000Z</time>
      </trkpt>
      <trkpt lon="-7.901479" lat="38.578595">
        <ele>327</ele>
        <time>2026-08-23T18:53:47.000Z</time>
      </trkpt>
      <trkpt lon="-7.901365" lat="38.578721">
        <ele>327</ele>
        <time>2026-08-23T18:53:48.000Z</time>
      </trkpt>
      <trkpt lon="-7.901253" lat="38.578855">
        <ele>327</ele>
        <time>2026-08-23T18:53:49.000Z</time>
      </trkpt>
      <trkpt lon="-7.901138" lat="38.579001">
        <ele>327</ele>
        <time>2026-08-23T18:53:50.000Z</time>
      </trkpt>
      <trkpt lon="-7.901027" lat="38.579148">
        <ele>327</ele>
        <time>2026-08-23T18:53:51.000Z</time>
      </trkpt>
      <trkpt lon="-7.900916" lat="38.579277">
        <ele>327</ele>
        <time>2026-08-23T18:53:52.000Z</time>
      </trkpt>
      <trkpt lon="-7.900802" lat="38.579412">
        <ele>327</ele>
        <time>2026-08-23T18:53:53.000Z</time>
      </trkpt>
      <trkpt lon="-7.900703" lat="38.579565">
        <ele>327</ele>
        <time>2026-08-23T18:53:54.000Z</time>
      </trkpt>
      <trkpt lon="-7.900607" lat="38.579733">
        <ele>327</ele>
        <time>2026-08-23T18:53:55.000Z</time>
      </trkpt>
      <trkpt lon="-7.900488" lat="38.579902">
        <ele>327</ele>
        <time>2026-08-23T18:53:56.000Z</time>
      </trkpt>
      <trkpt lon="-7.900352" lat="38.580069">
        <ele>327</ele>
        <time>2026-08-23T18:53:57.000Z</time>
      </trkpt>
      <trkpt lon="-7.900219" lat="38.580244">
        <ele>327</ele>
        <time>2026-08-23T18:53:58.000Z</time>
      </trkpt>
      <trkpt lon="-7.900102" lat="38.580414">
        <ele>327</ele>
        <time>2026-08-23T18:53:59.000Z</time>
      </trkpt>
      <trkpt lon="-7.899991" lat="38.580565">
        <ele>327</ele>
        <time>2026-08-23T18:54:00.000Z</time>
      </trkpt>
      <trkpt lon="-7.89988" lat="38.580711">
        <ele>327</ele>
        <time>2026-08-23T18:54:01.000Z</time>
      </trkpt>
      <trkpt lon="-7.899775" lat="38.580853">
        <ele>327</ele>
        <time>2026-08-23T18:54:02.000Z</time>
      </trkpt>
      <trkpt lon="-7.899682" lat="38.580976">
        <ele>327</ele>
        <time>2026-08-23T18:54:03.000Z</time>
      </trkpt>
      <trkpt lon="-7.8996" lat="38.58108">
        <ele>327</ele>
        <time>2026-08-23T18:54:04.000Z</time>
      </trkpt>
      <trkpt lon="-7.899503" lat="38.581159">
        <ele>327</ele>
        <time>2026-08-23T18:54:05.000Z</time>
      </trkpt>
      <trkpt lon="-7.899382" lat="38.581203">
        <ele>327</ele>
        <time>2026-08-23T18:54:06.000Z</time>
      </trkpt>
      <trkpt lon="-7.899262" lat="38.581236">
        <ele>327</ele>
        <time>2026-08-23T18:54:07.000Z</time>
      </trkpt>
      <trkpt lon="-7.899193" lat="38.581316">
        <ele>327</ele>
        <time>2026-08-23T18:54:08.000Z</time>
      </trkpt>
      <trkpt lon="-7.899168" lat="38.581421">
        <ele>327</ele>
        <time>2026-08-23T18:54:09.000Z</time>
      </trkpt>
      <trkpt lon="-7.899111" lat="38.581509">
        <ele>327</ele>
        <time>2026-08-23T18:54:10.000Z</time>
      </trkpt>
      <trkpt lon="-7.899164" lat="38.581605">
        <ele>327</ele>
        <time>2026-08-23T18:54:11.000Z</time>
      </trkpt>
      <trkpt lon="-7.899525" lat="38.581569">
        <ele>327</ele>
        <time>2026-08-23T18:54:12.000Z</time>
      </trkpt>
      <trkpt lon="-7.899651" lat="38.581525">
        <ele>327</ele>
        <time>2026-08-23T18:54:13.000Z</time>
      </trkpt>
      <trkpt lon="-7.899789" lat="38.581478">
        <ele>327</ele>
        <time>2026-08-23T18:54:14.000Z</time>
      </trkpt>
      <trkpt lon="-7.899967" lat="38.581488">
        <ele>327</ele>
        <time>2026-08-23T18:54:15.000Z</time>
      </trkpt>
      <trkpt lon="-7.900159" lat="38.581518">
        <ele>327</ele>
        <time>2026-08-23T18:54:16.000Z</time>
      </trkpt>
      <trkpt lon="-7.900353" lat="38.581543">
        <ele>327</ele>
        <time>2026-08-23T18:54:17.000Z</time>
      </trkpt>
      <trkpt lon="-7.900537" lat="38.581568">
        <ele>327</ele>
        <time>2026-08-23T18:54:18.000Z</time>
      </trkpt>
      <trkpt lon="-7.90074" lat="38.58159">
        <ele>327</ele>
        <time>2026-08-23T18:54:19.000Z</time>
      </trkpt>
      <trkpt lon="-7.900934" lat="38.581616">
        <ele>327</ele>
        <time>2026-08-23T18:54:20.000Z</time>
      </trkpt>
      <trkpt lon="-7.901102" lat="38.581644">
        <ele>327</ele>
        <time>2026-08-23T18:54:21.000Z</time>
      </trkpt>
      <trkpt lon="-7.901261" lat="38.581674">
        <ele>327</ele>
        <time>2026-08-23T18:54:22.000Z</time>
      </trkpt>
      <trkpt lon="-7.901421" lat="38.581698">
        <ele>327</ele>
        <time>2026-08-23T18:54:23.000Z</time>
      </trkpt>
      <trkpt lon="-7.901588" lat="38.581724">
        <ele>327</ele>
        <time>2026-08-23T18:54:24.000Z</time>
      </trkpt>
      <trkpt lon="-7.90173" lat="38.581736">
        <ele>327</ele>
        <time>2026-08-23T18:54:25.000Z</time>
      </trkpt>
      <trkpt lon="-7.901856" lat="38.581754">
        <ele>327</ele>
        <time>2026-08-23T18:54:26.000Z</time>
      </trkpt>
      <trkpt lon="-7.90206" lat="38.581812">
        <ele>327</ele>
        <time>2026-08-23T18:54:28.000Z</time>
      </trkpt>
      <trkpt lon="-7.90214" lat="38.581852">
        <ele>327</ele>
        <time>2026-08-23T18:54:29.000Z</time>
      </trkpt>
      <trkpt lon="-7.9022" lat="38.581917">
        <ele>327</ele>
        <time>2026-08-23T18:54:30.000Z</time>
      </trkpt>
      <trkpt lon="-7.902216" lat="38.582015">
        <ele>327</ele>
        <time>2026-08-23T18:54:31.000Z</time>
      </trkpt>
      <trkpt lon="-7.902186" lat="38.582108">
        <ele>327</ele>
        <time>2026-08-23T18:54:32.000Z</time>
      </trkpt>
      <trkpt lon="-7.902093" lat="38.582191">
        <ele>327</ele>
        <time>2026-08-23T18:54:33.000Z</time>
      </trkpt>
      <trkpt lon="-7.901973" lat="38.582265">
        <ele>327</ele>
        <time>2026-08-23T18:54:34.000Z</time>
      </trkpt>
      <trkpt lon="-7.901864" lat="38.582356">
        <ele>327</ele>
        <time>2026-08-23T18:54:35.000Z</time>
      </trkpt>
      <trkpt lon="-7.901751" lat="38.582455">
        <ele>327</ele>
        <time>2026-08-23T18:54:36.000Z</time>
      </trkpt>
      <trkpt lon="-7.901633" lat="38.582554">
        <ele>327</ele>
        <time>2026-08-23T18:54:37.000Z</time>
      </trkpt>
      <trkpt lon="-7.901519" lat="38.582644">
        <ele>327</ele>
        <time>2026-08-23T18:54:38.000Z</time>
      </trkpt>
      <trkpt lon="-7.901409" lat="38.582731">
        <ele>327</ele>
        <time>2026-08-23T18:54:39.000Z</time>
      </trkpt>
      <trkpt lon="-7.901303" lat="38.582825">
        <ele>327</ele>
        <time>2026-08-23T18:54:40.000Z</time>
      </trkpt>
      <trkpt lon="-7.901186" lat="38.582921">
        <ele>327</ele>
        <time>2026-08-23T18:54:41.000Z</time>
      </trkpt>
      <trkpt lon="-7.901052" lat="38.58302">
        <ele>327</ele>
        <time>2026-08-23T18:54:42.000Z</time>
      </trkpt>
      <trkpt lon="-7.900916" lat="38.583124">
        <ele>327</ele>
        <time>2026-08-23T18:54:43.000Z</time>
      </trkpt>
      <trkpt lon="-7.900787" lat="38.58324">
        <ele>327</ele>
        <time>2026-08-23T18:54:44.000Z</time>
      </trkpt>
      <trkpt lon="-7.900647" lat="38.583355">
        <ele>327</ele>
        <time>2026-08-23T18:54:45.000Z</time>
      </trkpt>
      <trkpt lon="-7.900517" lat="38.583449">
        <ele>327</ele>
        <time>2026-08-23T18:54:46.000Z</time>
      </trkpt>
      <trkpt lon="-7.900405" lat="38.583534">
        <ele>327</ele>
        <time>2026-08-23T18:54:47.000Z</time>
      </trkpt>
      <trkpt lon="-7.90032" lat="38.583621">
        <ele>327</ele>
        <time>2026-08-23T18:54:48.000Z</time>
      </trkpt>
      <trkpt lon="-7.900183" lat="38.583731">
        <ele>316</ele>
        <time>2026-08-23T18:54:50.000Z</time>
      </trkpt>
      <trkpt lon="-7.900132" lat="38.58377">
        <ele>316</ele>
        <time>2026-08-23T18:54:51.000Z</time>
      </trkpt>
      <trkpt lon="-7.900075" lat="38.583823">
        <ele>315</ele>
        <time>2026-08-23T18:54:53.000Z</time>
      </trkpt>
      <trkpt lon="-7.900037" lat="38.583857">
        <ele>315</ele>
        <time>2026-08-23T18:54:56.000Z</time>
      </trkpt>
      <trkpt lon="-7.900033" lat="38.58386">
        <ele>307</ele>
        <time>2026-08-23T18:54:57.000Z</time>
      </trkpt>
      <trkpt lon="-7.900036" lat="38.583858">
        <ele>307</ele>
        <time>2026-08-23T18:54:58.000Z</time>
      </trkpt>
      <trkpt lon="-7.899971" lat="38.583908">
        <ele>307</ele>
        <time>2026-08-23T18:55:00.000Z</time>
      </trkpt>
      <trkpt lon="-7.899916" lat="38.583946">
        <ele>307</ele>
        <time>2026-08-23T18:55:01.000Z</time>
      </trkpt>
      <trkpt lon="-7.899855" lat="38.583988">
        <ele>307</ele>
        <time>2026-08-23T18:55:02.000Z</time>
      </trkpt>
      <trkpt lon="-7.899786" lat="38.584035">
        <ele>307</ele>
        <time>2026-08-23T18:55:03.000Z</time>
      </trkpt>
      <trkpt lon="-7.899726" lat="38.584075">
        <ele>307</ele>
        <time>2026-08-23T18:55:04.000Z</time>
      </trkpt>
      <trkpt lon="-7.899659" lat="38.584118">
        <ele>307</ele>
        <time>2026-08-23T18:55:05.000Z</time>
      </trkpt>
      <trkpt lon="-7.899582" lat="38.58418">
        <ele>307</ele>
        <time>2026-08-23T18:55:06.000Z</time>
      </trkpt>
      <trkpt lon="-7.899502" lat="38.584251">
        <ele>307</ele>
        <time>2026-08-23T18:55:07.000Z</time>
      </trkpt>
      <trkpt lon="-7.899415" lat="38.584338">
        <ele>307</ele>
        <time>2026-08-23T18:55:08.000Z</time>
      </trkpt>
      <trkpt lon="-7.8993" lat="38.584448">
        <ele>307</ele>
        <time>2026-08-23T18:55:09.000Z</time>
      </trkpt>
      <trkpt lon="-7.899198" lat="38.584547">
        <ele>307</ele>
        <time>2026-08-23T18:55:10.000Z</time>
      </trkpt>
      <trkpt lon="-7.899073" lat="38.584664">
        <ele>307</ele>
        <time>2026-08-23T18:55:11.000Z</time>
      </trkpt>
      <trkpt lon="-7.898946" lat="38.58477">
        <ele>307</ele>
        <time>2026-08-23T18:55:12.000Z</time>
      </trkpt>
      <trkpt lon="-7.898828" lat="38.58487">
        <ele>307</ele>
        <time>2026-08-23T18:55:13.000Z</time>
      </trkpt>
      <trkpt lon="-7.8987" lat="38.584984">
        <ele>307</ele>
        <time>2026-08-23T18:55:14.000Z</time>
      </trkpt>
      <trkpt lon="-7.898574" lat="38.585095">
        <ele>307</ele>
        <time>2026-08-23T18:55:15.000Z</time>
      </trkpt>
      <trkpt lon="-7.898451" lat="38.58522">
        <ele>307</ele>
        <time>2026-08-23T18:55:16.000Z</time>
      </trkpt>
      <trkpt lon="-7.898331" lat="38.585349">
        <ele>307</ele>
        <time>2026-08-23T18:55:17.000Z</time>
      </trkpt>
      <trkpt lon="-7.898207" lat="38.585477">
        <ele>307</ele>
        <time>2026-08-23T18:55:18.000Z</time>
      </trkpt>
      <trkpt lon="-7.89808" lat="38.585609">
        <ele>307</ele>
        <time>2026-08-23T18:55:19.000Z</time>
      </trkpt>
      <trkpt lon="-7.897952" lat="38.585739">
        <ele>307</ele>
        <time>2026-08-23T18:55:20.000Z</time>
      </trkpt>
      <trkpt lon="-7.897826" lat="38.58587">
        <ele>316</ele>
        <time>2026-08-23T18:55:21.000Z</time>
      </trkpt>
      <trkpt lon="-7.897705" lat="38.585999">
        <ele>316</ele>
        <time>2026-08-23T18:55:22.000Z</time>
      </trkpt>
      <trkpt lon="-7.897593" lat="38.586129">
        <ele>316</ele>
        <time>2026-08-23T18:55:23.000Z</time>
      </trkpt>
      <trkpt lon="-7.89748" lat="38.586245">
        <ele>316</ele>
        <time>2026-08-23T18:55:24.000Z</time>
      </trkpt>
      <trkpt lon="-7.897363" lat="38.586362">
        <ele>316</ele>
        <time>2026-08-23T18:55:25.000Z</time>
      </trkpt>
      <trkpt lon="-7.897253" lat="38.58648">
        <ele>316</ele>
        <time>2026-08-23T18:55:26.000Z</time>
      </trkpt>
      <trkpt lon="-7.897147" lat="38.586599">
        <ele>316</ele>
        <time>2026-08-23T18:55:27.000Z</time>
      </trkpt>
      <trkpt lon="-7.897039" lat="38.586711">
        <ele>316</ele>
        <time>2026-08-23T18:55:28.000Z</time>
      </trkpt>
      <trkpt lon="-7.896926" lat="38.586828">
        <ele>316</ele>
        <time>2026-08-23T18:55:29.000Z</time>
      </trkpt>
      <trkpt lon="-7.896815" lat="38.586945">
        <ele>316</ele>
        <time>2026-08-23T18:55:30.000Z</time>
      </trkpt>
      <trkpt lon="-7.896709" lat="38.587056">
        <ele>316</ele>
        <time>2026-08-23T18:55:31.000Z</time>
      </trkpt>
      <trkpt lon="-7.896603" lat="38.587177">
        <ele>316</ele>
        <time>2026-08-23T18:55:32.000Z</time>
      </trkpt>
      <trkpt lon="-7.896486" lat="38.587293">
        <ele>316</ele>
        <time>2026-08-23T18:55:33.000Z</time>
      </trkpt>
      <trkpt lon="-7.896376" lat="38.587417">
        <ele>316</ele>
        <time>2026-08-23T18:55:34.000Z</time>
      </trkpt>
      <trkpt lon="-7.896263" lat="38.587537">
        <ele>316</ele>
        <time>2026-08-23T18:55:35.000Z</time>
      </trkpt>
      <trkpt lon="-7.896155" lat="38.587661">
        <ele>316</ele>
        <time>2026-08-23T18:55:36.000Z</time>
      </trkpt>
      <trkpt lon="-7.89604" lat="38.587783">
        <ele>316</ele>
        <time>2026-08-23T18:55:37.000Z</time>
      </trkpt>
      <trkpt lon="-7.895926" lat="38.587904">
        <ele>316</ele>
        <time>2026-08-23T18:55:38.000Z</time>
      </trkpt>
      <trkpt lon="-7.895813" lat="38.588022">
        <ele>316</ele>
        <time>2026-08-23T18:55:39.000Z</time>
      </trkpt>
      <trkpt lon="-7.895707" lat="38.588134">
        <ele>316</ele>
        <time>2026-08-23T18:55:40.000Z</time>
      </trkpt>
      <trkpt lon="-7.895591" lat="38.588239">
        <ele>316</ele>
        <time>2026-08-23T18:55:41.000Z</time>
      </trkpt>
      <trkpt lon="-7.895471" lat="38.588353">
        <ele>316</ele>
        <time>2026-08-23T18:55:42.000Z</time>
      </trkpt>
      <trkpt lon="-7.895345" lat="38.588467">
        <ele>316</ele>
        <time>2026-08-23T18:55:43.000Z</time>
      </trkpt>
      <trkpt lon="-7.895212" lat="38.588577">
        <ele>318</ele>
        <time>2026-08-23T18:55:44.000Z</time>
      </trkpt>
      <trkpt lon="-7.895069" lat="38.588661">
        <ele>318</ele>
        <time>2026-08-23T18:55:45.000Z</time>
      </trkpt>
      <trkpt lon="-7.89494" lat="38.588739">
        <ele>318</ele>
        <time>2026-08-23T18:55:46.000Z</time>
      </trkpt>
      <trkpt lon="-7.894815" lat="38.588809">
        <ele>318</ele>
        <time>2026-08-23T18:55:47.000Z</time>
      </trkpt>
      <trkpt lon="-7.894705" lat="38.588868">
        <ele>318</ele>
        <time>2026-08-23T18:55:48.000Z</time>
      </trkpt>
      <trkpt lon="-7.894594" lat="38.588919">
        <ele>318</ele>
        <time>2026-08-23T18:55:49.000Z</time>
      </trkpt>
      <trkpt lon="-7.894486" lat="38.58896">
        <ele>318</ele>
        <time>2026-08-23T18:55:50.000Z</time>
      </trkpt>
      <trkpt lon="-7.894313" lat="38.589028">
        <ele>318</ele>
        <time>2026-08-23T18:55:52.000Z</time>
      </trkpt>
      <trkpt lon="-7.894255" lat="38.589047">
        <ele>318</ele>
        <time>2026-08-23T18:55:53.000Z</time>
      </trkpt>
      <trkpt lon="-7.894231" lat="38.589068">
        <ele>318</ele>
        <time>2026-08-23T18:55:56.000Z</time>
      </trkpt>
      <trkpt lon="-7.894234" lat="38.589066">
        <ele>318</ele>
        <time>2026-08-23T18:55:57.000Z</time>
      </trkpt>
      <trkpt lon="-7.894167" lat="38.589125">
        <ele>309</ele>
        <time>2026-08-23T18:56:12.000Z</time>
      </trkpt>
      <trkpt lon="-7.89415" lat="38.589171">
        <ele>309</ele>
        <time>2026-08-23T18:56:13.000Z</time>
      </trkpt>
      <trkpt lon="-7.894166" lat="38.589221">
        <ele>308</ele>
        <time>2026-08-23T18:56:14.000Z</time>
      </trkpt>
      <trkpt lon="-7.894206" lat="38.589271">
        <ele>308</ele>
        <time>2026-08-23T18:56:15.000Z</time>
      </trkpt>
      <trkpt lon="-7.894252" lat="38.589309">
        <ele>308</ele>
        <time>2026-08-23T18:56:16.000Z</time>
      </trkpt>
      <trkpt lon="-7.894314" lat="38.589364">
        <ele>308</ele>
        <time>2026-08-23T18:56:17.000Z</time>
      </trkpt>
      <trkpt lon="-7.894385" lat="38.589446">
        <ele>308</ele>
        <time>2026-08-23T18:56:18.000Z</time>
      </trkpt>
      <trkpt lon="-7.894442" lat="38.589542">
        <ele>308</ele>
        <time>2026-08-23T18:56:19.000Z</time>
      </trkpt>
      <trkpt lon="-7.894518" lat="38.589646">
        <ele>308</ele>
        <time>2026-08-23T18:56:20.000Z</time>
      </trkpt>
      <trkpt lon="-7.894603" lat="38.589766">
        <ele>308</ele>
        <time>2026-08-23T18:56:21.000Z</time>
      </trkpt>
      <trkpt lon="-7.894688" lat="38.589889">
        <ele>308</ele>
        <time>2026-08-23T18:56:22.000Z</time>
      </trkpt>
      <trkpt lon="-7.894761" lat="38.589999">
        <ele>309</ele>
        <time>2026-08-23T18:56:23.000Z</time>
      </trkpt>
      <trkpt lon="-7.894813" lat="38.590111">
        <ele>309</ele>
        <time>2026-08-23T18:56:24.000Z</time>
      </trkpt>
      <trkpt lon="-7.894856" lat="38.590233">
        <ele>309</ele>
        <time>2026-08-23T18:56:25.000Z</time>
      </trkpt>
      <trkpt lon="-7.894859" lat="38.590364">
        <ele>309</ele>
        <time>2026-08-23T18:56:26.000Z</time>
      </trkpt>
      <trkpt lon="-7.894848" lat="38.590496">
        <ele>309</ele>
        <time>2026-08-23T18:56:27.000Z</time>
      </trkpt>
      <trkpt lon="-7.894846" lat="38.590645">
        <ele>310</ele>
        <time>2026-08-23T18:56:28.000Z</time>
      </trkpt>
      <trkpt lon="-7.89485" lat="38.590799">
        <ele>310</ele>
        <time>2026-08-23T18:56:29.000Z</time>
      </trkpt>
      <trkpt lon="-7.894835" lat="38.590965">
        <ele>310</ele>
        <time>2026-08-23T18:56:30.000Z</time>
      </trkpt>
      <trkpt lon="-7.894833" lat="38.591112">
        <ele>310</ele>
        <time>2026-08-23T18:56:31.000Z</time>
      </trkpt>
      <trkpt lon="-7.894827" lat="38.591256">
        <ele>311</ele>
        <time>2026-08-23T18:56:32.000Z</time>
      </trkpt>
      <trkpt lon="-7.894809" lat="38.59141">
        <ele>311</ele>
        <time>2026-08-23T18:56:33.000Z</time>
      </trkpt>
      <trkpt lon="-7.894787" lat="38.591563">
        <ele>312</ele>
        <time>2026-08-23T18:56:34.000Z</time>
      </trkpt>
      <trkpt lon="-7.894764" lat="38.59171">
        <ele>312</ele>
        <time>2026-08-23T18:56:35.000Z</time>
      </trkpt>
      <trkpt lon="-7.894755" lat="38.591849">
        <ele>312</ele>
        <time>2026-08-23T18:56:36.000Z</time>
      </trkpt>
      <trkpt lon="-7.894734" lat="38.591997">
        <ele>312</ele>
        <time>2026-08-23T18:56:37.000Z</time>
      </trkpt>
      <trkpt lon="-7.894712" lat="38.592138">
        <ele>313</ele>
        <time>2026-08-23T18:56:38.000Z</time>
      </trkpt>
      <trkpt lon="-7.894692" lat="38.592281">
        <ele>313</ele>
        <time>2026-08-23T18:56:39.000Z</time>
      </trkpt>
      <trkpt lon="-7.894669" lat="38.592432">
        <ele>313</ele>
        <time>2026-08-23T18:56:40.000Z</time>
      </trkpt>
      <trkpt lon="-7.894639" lat="38.592588">
        <ele>313</ele>
        <time>2026-08-23T18:56:41.000Z</time>
      </trkpt>
      <trkpt lon="-7.894593" lat="38.592744">
        <ele>312</ele>
        <time>2026-08-23T18:56:42.000Z</time>
      </trkpt>
      <trkpt lon="-7.894514" lat="38.592904">
        <ele>312</ele>
        <time>2026-08-23T18:56:43.000Z</time>
      </trkpt>
      <trkpt lon="-7.894402" lat="38.593066">
        <ele>311</ele>
        <time>2026-08-23T18:56:44.000Z</time>
      </trkpt>
      <trkpt lon="-7.894289" lat="38.593235">
        <ele>311</ele>
        <time>2026-08-23T18:56:45.000Z</time>
      </trkpt>
      <trkpt lon="-7.894187" lat="38.593412">
        <ele>310</ele>
        <time>2026-08-23T18:56:46.000Z</time>
      </trkpt>
      <trkpt lon="-7.894082" lat="38.59358">
        <ele>310</ele>
        <time>2026-08-23T18:56:47.000Z</time>
      </trkpt>
      <trkpt lon="-7.893986" lat="38.593736">
        <ele>310</ele>
        <time>2026-08-23T18:56:48.000Z</time>
      </trkpt>
      <trkpt lon="-7.893901" lat="38.593888">
        <ele>310</ele>
        <time>2026-08-23T18:56:49.000Z</time>
      </trkpt>
      <trkpt lon="-7.893832" lat="38.594029">
        <ele>310</ele>
        <time>2026-08-23T18:56:50.000Z</time>
      </trkpt>
      <trkpt lon="-7.893783" lat="38.594157">
        <ele>309</ele>
        <time>2026-08-23T18:56:51.000Z</time>
      </trkpt>
      <trkpt lon="-7.893737" lat="38.594282">
        <ele>309</ele>
        <time>2026-08-23T18:56:52.000Z</time>
      </trkpt>
      <trkpt lon="-7.893691" lat="38.594398">
        <ele>310</ele>
        <time>2026-08-23T18:56:53.000Z</time>
      </trkpt>
      <trkpt lon="-7.893651" lat="38.594502">
        <ele>310</ele>
        <time>2026-08-23T18:56:54.000Z</time>
      </trkpt>
      <trkpt lon="-7.893613" lat="38.594601">
        <ele>310</ele>
        <time>2026-08-23T18:56:55.000Z</time>
      </trkpt>
      <trkpt lon="-7.893581" lat="38.594693">
        <ele>310</ele>
        <time>2026-08-23T18:56:56.000Z</time>
      </trkpt>
      <trkpt lon="-7.893545" lat="38.594792">
        <ele>310</ele>
        <time>2026-08-23T18:56:57.000Z</time>
      </trkpt>
      <trkpt lon="-7.893492" lat="38.594911">
        <ele>310</ele>
        <time>2026-08-23T18:56:58.000Z</time>
      </trkpt>
      <trkpt lon="-7.893457" lat="38.595035">
        <ele>310</ele>
        <time>2026-08-23T18:56:59.000Z</time>
      </trkpt>
      <trkpt lon="-7.893431" lat="38.595175">
        <ele>310</ele>
        <time>2026-08-23T18:57:00.000Z</time>
      </trkpt>
      <trkpt lon="-7.893405" lat="38.595311">
        <ele>310</ele>
        <time>2026-08-23T18:57:01.000Z</time>
      </trkpt>
      <trkpt lon="-7.893373" lat="38.595454">
        <ele>310</ele>
        <time>2026-08-23T18:57:02.000Z</time>
      </trkpt>
      <trkpt lon="-7.893346" lat="38.595579">
        <ele>310</ele>
        <time>2026-08-23T18:57:03.000Z</time>
      </trkpt>
      <trkpt lon="-7.893314" lat="38.595714">
        <ele>310</ele>
        <time>2026-08-23T18:57:04.000Z</time>
      </trkpt>
      <trkpt lon="-7.893283" lat="38.595856">
        <ele>310</ele>
        <time>2026-08-23T18:57:05.000Z</time>
      </trkpt>
      <trkpt lon="-7.893245" lat="38.596005">
        <ele>310</ele>
        <time>2026-08-23T18:57:06.000Z</time>
      </trkpt>
      <trkpt lon="-7.893208" lat="38.596159">
        <ele>310</ele>
        <time>2026-08-23T18:57:07.000Z</time>
      </trkpt>
      <trkpt lon="-7.893146" lat="38.596313">
        <ele>310</ele>
        <time>2026-08-23T18:57:08.000Z</time>
      </trkpt>
      <trkpt lon="-7.893076" lat="38.596456">
        <ele>310</ele>
        <time>2026-08-23T18:57:09.000Z</time>
      </trkpt>
      <trkpt lon="-7.893018" lat="38.596587">
        <ele>311</ele>
        <time>2026-08-23T18:57:10.000Z</time>
      </trkpt>
      <trkpt lon="-7.892944" lat="38.59673">
        <ele>311</ele>
        <time>2026-08-23T18:57:11.000Z</time>
      </trkpt>
      <trkpt lon="-7.892853" lat="38.596867">
        <ele>312</ele>
        <time>2026-08-23T18:57:12.000Z</time>
      </trkpt>
      <trkpt lon="-7.89275" lat="38.596995">
        <ele>312</ele>
        <time>2026-08-23T18:57:13.000Z</time>
      </trkpt>
      <trkpt lon="-7.892644" lat="38.597113">
        <ele>312</ele>
        <time>2026-08-23T18:57:14.000Z</time>
      </trkpt>
      <trkpt lon="-7.892528" lat="38.597228">
        <ele>312</ele>
        <time>2026-08-23T18:57:15.000Z</time>
      </trkpt>
      <trkpt lon="-7.892418" lat="38.597337">
        <ele>312</ele>
        <time>2026-08-23T18:57:16.000Z</time>
      </trkpt>
      <trkpt lon="-7.892309" lat="38.597461">
        <ele>313</ele>
        <time>2026-08-23T18:57:17.000Z</time>
      </trkpt>
      <trkpt lon="-7.892215" lat="38.597595">
        <ele>312</ele>
        <time>2026-08-23T18:57:18.000Z</time>
      </trkpt>
      <trkpt lon="-7.892113" lat="38.59774">
        <ele>312</ele>
        <time>2026-08-23T18:57:19.000Z</time>
      </trkpt>
      <trkpt lon="-7.892016" lat="38.597893">
        <ele>312</ele>
        <time>2026-08-23T18:57:20.000Z</time>
      </trkpt>
      <trkpt lon="-7.891926" lat="38.598036">
        <ele>311</ele>
        <time>2026-08-23T18:57:21.000Z</time>
      </trkpt>
      <trkpt lon="-7.891838" lat="38.59818">
        <ele>311</ele>
        <time>2026-08-23T18:57:22.000Z</time>
      </trkpt>
      <trkpt lon="-7.891755" lat="38.598327">
        <ele>311</ele>
        <time>2026-08-23T18:57:23.000Z</time>
      </trkpt>
      <trkpt lon="-7.891684" lat="38.598472">
        <ele>311</ele>
        <time>2026-08-23T18:57:24.000Z</time>
      </trkpt>
      <trkpt lon="-7.891639" lat="38.598629">
        <ele>311</ele>
        <time>2026-08-23T18:57:25.000Z</time>
      </trkpt>
      <trkpt lon="-7.891598" lat="38.598798">
        <ele>311</ele>
        <time>2026-08-23T18:57:26.000Z</time>
      </trkpt>
      <trkpt lon="-7.89154" lat="38.598955">
        <ele>311</ele>
        <time>2026-08-23T18:57:27.000Z</time>
      </trkpt>
      <trkpt lon="-7.891486" lat="38.599102">
        <ele>311</ele>
        <time>2026-08-23T18:57:28.000Z</time>
      </trkpt>
      <trkpt lon="-7.891434" lat="38.599246">
        <ele>311</ele>
        <time>2026-08-23T18:57:29.000Z</time>
      </trkpt>
      <trkpt lon="-7.891379" lat="38.599395">
        <ele>311</ele>
        <time>2026-08-23T18:57:30.000Z</time>
      </trkpt>
      <trkpt lon="-7.891313" lat="38.599541">
        <ele>311</ele>
        <time>2026-08-23T18:57:31.000Z</time>
      </trkpt>
      <trkpt lon="-7.891257" lat="38.599676">
        <ele>311</ele>
        <time>2026-08-23T18:57:32.000Z</time>
      </trkpt>
      <trkpt lon="-7.891205" lat="38.599808">
        <ele>311</ele>
        <time>2026-08-23T18:57:33.000Z</time>
      </trkpt>
      <trkpt lon="-7.891161" lat="38.599945">
        <ele>312</ele>
        <time>2026-08-23T18:57:34.000Z</time>
      </trkpt>
      <trkpt lon="-7.89113" lat="38.600088">
        <ele>312</ele>
        <time>2026-08-23T18:57:35.000Z</time>
      </trkpt>
      <trkpt lon="-7.891112" lat="38.600225">
        <ele>312</ele>
        <time>2026-08-23T18:57:36.000Z</time>
      </trkpt>
      <trkpt lon="-7.891117" lat="38.600352">
        <ele>312</ele>
        <time>2026-08-23T18:57:37.000Z</time>
      </trkpt>
      <trkpt lon="-7.891131" lat="38.600474">
        <ele>311</ele>
        <time>2026-08-23T18:57:38.000Z</time>
      </trkpt>
      <trkpt lon="-7.891137" lat="38.600576">
        <ele>311</ele>
        <time>2026-08-23T18:57:39.000Z</time>
      </trkpt>
      <trkpt lon="-7.891129" lat="38.600667">
        <ele>311</ele>
        <time>2026-08-23T18:57:40.000Z</time>
      </trkpt>
      <trkpt lon="-7.891132" lat="38.600798">
        <ele>311</ele>
        <time>2026-08-23T18:57:42.000Z</time>
      </trkpt>
      <trkpt lon="-7.891161" lat="38.600846">
        <ele>311</ele>
        <time>2026-08-23T18:57:43.000Z</time>
      </trkpt>
      <trkpt lon="-7.891233" lat="38.600876">
        <ele>311</ele>
        <time>2026-08-23T18:57:44.000Z</time>
      </trkpt>
      <trkpt lon="-7.891334" lat="38.600895">
        <ele>311</ele>
        <time>2026-08-23T18:57:45.000Z</time>
      </trkpt>
      <trkpt lon="-7.891469" lat="38.600924">
        <ele>310</ele>
        <time>2026-08-23T18:57:46.000Z</time>
      </trkpt>
      <trkpt lon="-7.891621" lat="38.600961">
        <ele>311</ele>
        <time>2026-08-23T18:57:47.000Z</time>
      </trkpt>
      <trkpt lon="-7.891786" lat="38.60099">
        <ele>311</ele>
        <time>2026-08-23T18:57:48.000Z</time>
      </trkpt>
      <trkpt lon="-7.891958" lat="38.601021">
        <ele>311</ele>
        <time>2026-08-23T18:57:49.000Z</time>
      </trkpt>
      <trkpt lon="-7.892109" lat="38.601052">
        <ele>311</ele>
        <time>2026-08-23T18:57:50.000Z</time>
      </trkpt>
      <trkpt lon="-7.892252" lat="38.601084">
        <ele>311</ele>
        <time>2026-08-23T18:57:51.000Z</time>
      </trkpt>
      <trkpt lon="-7.892406" lat="38.601114">
        <ele>311</ele>
        <time>2026-08-23T18:57:52.000Z</time>
      </trkpt>
      <trkpt lon="-7.892568" lat="38.601146">
        <ele>311</ele>
        <time>2026-08-23T18:57:53.000Z</time>
      </trkpt>
      <trkpt lon="-7.892714" lat="38.601175">
        <ele>311</ele>
        <time>2026-08-23T18:57:54.000Z</time>
      </trkpt>
      <trkpt lon="-7.892852" lat="38.601202">
        <ele>311</ele>
        <time>2026-08-23T18:57:55.000Z</time>
      </trkpt>
      <trkpt lon="-7.893004" lat="38.601237">
        <ele>311</ele>
        <time>2026-08-23T18:57:56.000Z</time>
      </trkpt>
      <trkpt lon="-7.893184" lat="38.601285">
        <ele>311</ele>
        <time>2026-08-23T18:57:57.000Z</time>
      </trkpt>
      <trkpt lon="-7.893375" lat="38.601352">
        <ele>311</ele>
        <time>2026-08-23T18:57:58.000Z</time>
      </trkpt>
      <trkpt lon="-7.893571" lat="38.601415">
        <ele>311</ele>
        <time>2026-08-23T18:57:59.000Z</time>
      </trkpt>
      <trkpt lon="-7.893773" lat="38.601489">
        <ele>312</ele>
        <time>2026-08-23T18:58:00.000Z</time>
      </trkpt>
      <trkpt lon="-7.893965" lat="38.60156">
        <ele>311</ele>
        <time>2026-08-23T18:58:01.000Z</time>
      </trkpt>
      <trkpt lon="-7.894138" lat="38.60162">
        <ele>311</ele>
        <time>2026-08-23T18:58:02.000Z</time>
      </trkpt>
      <trkpt lon="-7.894305" lat="38.601674">
        <ele>311</ele>
        <time>2026-08-23T18:58:03.000Z</time>
      </trkpt>
      <trkpt lon="-7.894475" lat="38.601726">
        <ele>311</ele>
        <time>2026-08-23T18:58:04.000Z</time>
      </trkpt>
      <trkpt lon="-7.894631" lat="38.601787">
        <ele>311</ele>
        <time>2026-08-23T18:58:05.000Z</time>
      </trkpt>
      <trkpt lon="-7.894776" lat="38.601839">
        <ele>311</ele>
        <time>2026-08-23T18:58:06.000Z</time>
      </trkpt>
      <trkpt lon="-7.894911" lat="38.601882">
        <ele>311</ele>
        <time>2026-08-23T18:58:07.000Z</time>
      </trkpt>
      <trkpt lon="-7.895031" lat="38.601924">
        <ele>311</ele>
        <time>2026-08-23T18:58:08.000Z</time>
      </trkpt>
      <trkpt lon="-7.895136" lat="38.601963">
        <ele>311</ele>
        <time>2026-08-23T18:58:09.000Z</time>
      </trkpt>
      <trkpt lon="-7.895271" lat="38.602009">
        <ele>311</ele>
        <time>2026-08-23T18:58:11.000Z</time>
      </trkpt>
      <trkpt lon="-7.895344" lat="38.602031">
        <ele>311</ele>
        <time>2026-08-23T18:58:14.000Z</time>
      </trkpt>
      <trkpt lon="-7.89544" lat="38.601974">
        <ele>311</ele>
        <time>2026-08-23T18:58:16.000Z</time>
      </trkpt>
      <trkpt lon="-7.895475" lat="38.601895">
        <ele>311</ele>
        <time>2026-08-23T18:58:17.000Z</time>
      </trkpt>
      <trkpt lon="-7.895508" lat="38.601816">
        <ele>311</ele>
        <time>2026-08-23T18:58:18.000Z</time>
      </trkpt>
      <trkpt lon="-7.895561" lat="38.601732">
        <ele>311</ele>
        <time>2026-08-23T18:58:19.000Z</time>
      </trkpt>
      <trkpt lon="-7.895623" lat="38.601641">
        <ele>311</ele>
        <time>2026-08-23T18:58:20.000Z</time>
      </trkpt>
      <trkpt lon="-7.895678" lat="38.601539">
        <ele>311</ele>
        <time>2026-08-23T18:58:21.000Z</time>
      </trkpt>
      <trkpt lon="-7.895744" lat="38.601426">
        <ele>311</ele>
        <time>2026-08-23T18:58:22.000Z</time>
      </trkpt>
      <trkpt lon="-7.895818" lat="38.601305">
        <ele>311</ele>
        <time>2026-08-23T18:58:23.000Z</time>
      </trkpt>
      <trkpt lon="-7.895898" lat="38.601177">
        <ele>311</ele>
        <time>2026-08-23T18:58:24.000Z</time>
      </trkpt>
      <trkpt lon="-7.895975" lat="38.601043">
        <ele>311</ele>
        <time>2026-08-23T18:58:25.000Z</time>
      </trkpt>
      <trkpt lon="-7.896041" lat="38.600933">
        <ele>311</ele>
        <time>2026-08-23T18:58:26.000Z</time>
      </trkpt>
      <trkpt lon="-7.896107" lat="38.600819">
        <ele>311</ele>
        <time>2026-08-23T18:58:27.000Z</time>
      </trkpt>
      <trkpt lon="-7.896185" lat="38.600703">
        <ele>312</ele>
        <time>2026-08-23T18:58:28.000Z</time>
      </trkpt>
      <trkpt lon="-7.896262" lat="38.60058">
        <ele>311</ele>
        <time>2026-08-23T18:58:29.000Z</time>
      </trkpt>
      <trkpt lon="-7.896334" lat="38.600449">
        <ele>311</ele>
        <time>2026-08-23T18:58:30.000Z</time>
      </trkpt>
      <trkpt lon="-7.896404" lat="38.600318">
        <ele>311</ele>
        <time>2026-08-23T18:58:31.000Z</time>
      </trkpt>
      <trkpt lon="-7.896465" lat="38.600182">
        <ele>311</ele>
        <time>2026-08-23T18:58:32.000Z</time>
      </trkpt>
      <trkpt lon="-7.896518" lat="38.600066">
        <ele>310</ele>
        <time>2026-08-23T18:58:33.000Z</time>
      </trkpt>
      <trkpt lon="-7.896575" lat="38.599934">
        <ele>310</ele>
        <time>2026-08-23T18:58:34.000Z</time>
      </trkpt>
      <trkpt lon="-7.896624" lat="38.599798">
        <ele>310</ele>
        <time>2026-08-23T18:58:35.000Z</time>
      </trkpt>
      <trkpt lon="-7.896679" lat="38.599661">
        <ele>311</ele>
        <time>2026-08-23T18:58:36.000Z</time>
      </trkpt>
      <trkpt lon="-7.896744" lat="38.599529">
        <ele>311</ele>
        <time>2026-08-23T18:58:37.000Z</time>
      </trkpt>
      <trkpt lon="-7.89681" lat="38.599389">
        <ele>311</ele>
        <time>2026-08-23T18:58:38.000Z</time>
      </trkpt>
      <trkpt lon="-7.896878" lat="38.599252">
        <ele>311</ele>
        <time>2026-08-23T18:58:39.000Z</time>
      </trkpt>
      <trkpt lon="-7.896952" lat="38.599104">
        <ele>310</ele>
        <time>2026-08-23T18:58:40.000Z</time>
      </trkpt>
      <trkpt lon="-7.897025" lat="38.598957">
        <ele>310</ele>
        <time>2026-08-23T18:58:41.000Z</time>
      </trkpt>
      <trkpt lon="-7.897104" lat="38.598799">
        <ele>310</ele>
        <time>2026-08-23T18:58:42.000Z</time>
      </trkpt>
      <trkpt lon="-7.89717" lat="38.598656">
        <ele>310</ele>
        <time>2026-08-23T18:58:43.000Z</time>
      </trkpt>
      <trkpt lon="-7.897229" lat="38.59852">
        <ele>309</ele>
        <time>2026-08-23T18:58:44.000Z</time>
      </trkpt>
      <trkpt lon="-7.897288" lat="38.598381">
        <ele>309</ele>
        <time>2026-08-23T18:58:45.000Z</time>
      </trkpt>
      <trkpt lon="-7.897344" lat="38.598231">
        <ele>309</ele>
        <time>2026-08-23T18:58:46.000Z</time>
      </trkpt>
      <trkpt lon="-7.897405" lat="38.598082">
        <ele>309</ele>
        <time>2026-08-23T18:58:47.000Z</time>
      </trkpt>
      <trkpt lon="-7.89746" lat="38.597928">
        <ele>309</ele>
        <time>2026-08-23T18:58:48.000Z</time>
      </trkpt>
      <trkpt lon="-7.897515" lat="38.597795">
        <ele>308</ele>
        <time>2026-08-23T18:58:49.000Z</time>
      </trkpt>
      <trkpt lon="-7.897571" lat="38.597665">
        <ele>309</ele>
        <time>2026-08-23T18:58:50.000Z</time>
      </trkpt>
      <trkpt lon="-7.897627" lat="38.59753">
        <ele>308</ele>
        <time>2026-08-23T18:58:51.000Z</time>
      </trkpt>
      <trkpt lon="-7.89768" lat="38.597395">
        <ele>308</ele>
        <time>2026-08-23T18:58:52.000Z</time>
      </trkpt>
      <trkpt lon="-7.897744" lat="38.59726">
        <ele>308</ele>
        <time>2026-08-23T18:58:53.000Z</time>
      </trkpt>
      <trkpt lon="-7.897816" lat="38.597126">
        <ele>309</ele>
        <time>2026-08-23T18:58:54.000Z</time>
      </trkpt>
      <trkpt lon="-7.897877" lat="38.596989">
        <ele>309</ele>
        <time>2026-08-23T18:58:55.000Z</time>
      </trkpt>
      <trkpt lon="-7.897942" lat="38.59685">
        <ele>308</ele>
        <time>2026-08-23T18:58:56.000Z</time>
      </trkpt>
      <trkpt lon="-7.89801" lat="38.596715">
        <ele>308</ele>
        <time>2026-08-23T18:58:57.000Z</time>
      </trkpt>
      <trkpt lon="-7.898076" lat="38.59659">
        <ele>308</ele>
        <time>2026-08-23T18:58:58.000Z</time>
      </trkpt>
      <trkpt lon="-7.898143" lat="38.596454">
        <ele>308</ele>
        <time>2026-08-23T18:58:59.000Z</time>
      </trkpt>
      <trkpt lon="-7.898207" lat="38.596311">
        <ele>309</ele>
        <time>2026-08-23T18:59:00.000Z</time>
      </trkpt>
      <trkpt lon="-7.898273" lat="38.596169">
        <ele>308</ele>
        <time>2026-08-23T18:59:01.000Z</time>
      </trkpt>
      <trkpt lon="-7.898331" lat="38.596043">
        <ele>308</ele>
        <time>2026-08-23T18:59:02.000Z</time>
      </trkpt>
      <trkpt lon="-7.898391" lat="38.595912">
        <ele>308</ele>
        <time>2026-08-23T18:59:03.000Z</time>
      </trkpt>
      <trkpt lon="-7.898447" lat="38.595776">
        <ele>309</ele>
        <time>2026-08-23T18:59:04.000Z</time>
      </trkpt>
      <trkpt lon="-7.8985" lat="38.595638">
        <ele>309</ele>
        <time>2026-08-23T18:59:05.000Z</time>
      </trkpt>
      <trkpt lon="-7.898558" lat="38.595499">
        <ele>309</ele>
        <time>2026-08-23T18:59:06.000Z</time>
      </trkpt>
      <trkpt lon="-7.898617" lat="38.595359">
        <ele>309</ele>
        <time>2026-08-23T18:59:07.000Z</time>
      </trkpt>
      <trkpt lon="-7.89867" lat="38.595232">
        <ele>309</ele>
        <time>2026-08-23T18:59:08.000Z</time>
      </trkpt>
      <trkpt lon="-7.898735" lat="38.595119">
        <ele>309</ele>
        <time>2026-08-23T18:59:09.000Z</time>
      </trkpt>
      <trkpt lon="-7.89879" lat="38.595006">
        <ele>309</ele>
        <time>2026-08-23T18:59:10.000Z</time>
      </trkpt>
      <trkpt lon="-7.898849" lat="38.594905">
        <ele>309</ele>
        <time>2026-08-23T18:59:11.000Z</time>
      </trkpt>
      <trkpt lon="-7.898913" lat="38.59479">
        <ele>309</ele>
        <time>2026-08-23T18:59:12.000Z</time>
      </trkpt>
      <trkpt lon="-7.898981" lat="38.594673">
        <ele>310</ele>
        <time>2026-08-23T18:59:13.000Z</time>
      </trkpt>
      <trkpt lon="-7.899034" lat="38.594547">
        <ele>309</ele>
        <time>2026-08-23T18:59:14.000Z</time>
      </trkpt>
      <trkpt lon="-7.899084" lat="38.594415">
        <ele>309</ele>
        <time>2026-08-23T18:59:15.000Z</time>
      </trkpt>
      <trkpt lon="-7.899129" lat="38.594283">
        <ele>309</ele>
        <time>2026-08-23T18:59:16.000Z</time>
      </trkpt>
      <trkpt lon="-7.899171" lat="38.594153">
        <ele>310</ele>
        <time>2026-08-23T18:59:17.000Z</time>
      </trkpt>
      <trkpt lon="-7.89921" lat="38.594015">
        <ele>311</ele>
        <time>2026-08-23T18:59:18.000Z</time>
      </trkpt>
      <trkpt lon="-7.899247" lat="38.59388">
        <ele>310</ele>
        <time>2026-08-23T18:59:19.000Z</time>
      </trkpt>
      <trkpt lon="-7.899288" lat="38.593742">
        <ele>310</ele>
        <time>2026-08-23T18:59:20.000Z</time>
      </trkpt>
      <trkpt lon="-7.899333" lat="38.593607">
        <ele>310</ele>
        <time>2026-08-23T18:59:21.000Z</time>
      </trkpt>
      <trkpt lon="-7.899374" lat="38.59349">
        <ele>310</ele>
        <time>2026-08-23T18:59:22.000Z</time>
      </trkpt>
      <trkpt lon="-7.899415" lat="38.593379">
        <ele>310</ele>
        <time>2026-08-23T18:59:23.000Z</time>
      </trkpt>
      <trkpt lon="-7.899451" lat="38.593278">
        <ele>310</ele>
        <time>2026-08-23T18:59:24.000Z</time>
      </trkpt>
      <trkpt lon="-7.899489" lat="38.59316">
        <ele>310</ele>
        <time>2026-08-23T18:59:25.000Z</time>
      </trkpt>
      <trkpt lon="-7.899528" lat="38.59304">
        <ele>310</ele>
        <time>2026-08-23T18:59:26.000Z</time>
      </trkpt>
      <trkpt lon="-7.899564" lat="38.592924">
        <ele>309</ele>
        <time>2026-08-23T18:59:27.000Z</time>
      </trkpt>
      <trkpt lon="-7.899606" lat="38.592816">
        <ele>309</ele>
        <time>2026-08-23T18:59:28.000Z</time>
      </trkpt>
      <trkpt lon="-7.899644" lat="38.592702">
        <ele>309</ele>
        <time>2026-08-23T18:59:29.000Z</time>
      </trkpt>
      <trkpt lon="-7.899682" lat="38.592584">
        <ele>309</ele>
        <time>2026-08-23T18:59:30.000Z</time>
      </trkpt>
      <trkpt lon="-7.899722" lat="38.592472">
        <ele>309</ele>
        <time>2026-08-23T18:59:31.000Z</time>
      </trkpt>
      <trkpt lon="-7.899758" lat="38.592364">
        <ele>309</ele>
        <time>2026-08-23T18:59:32.000Z</time>
      </trkpt>
      <trkpt lon="-7.899783" lat="38.592264">
        <ele>309</ele>
        <time>2026-08-23T18:59:33.000Z</time>
      </trkpt>
      <trkpt lon="-7.899816" lat="38.592172">
        <ele>308</ele>
        <time>2026-08-23T18:59:34.000Z</time>
      </trkpt>
      <trkpt lon="-7.899852" lat="38.592068">
        <ele>308</ele>
        <time>2026-08-23T18:59:35.000Z</time>
      </trkpt>
      <trkpt lon="-7.899883" lat="38.591957">
        <ele>308</ele>
        <time>2026-08-23T18:59:36.000Z</time>
      </trkpt>
      <trkpt lon="-7.899918" lat="38.591838">
        <ele>308</ele>
        <time>2026-08-23T18:59:37.000Z</time>
      </trkpt>
      <trkpt lon="-7.899956" lat="38.591716">
        <ele>309</ele>
        <time>2026-08-23T18:59:38.000Z</time>
      </trkpt>
      <trkpt lon="-7.89999" lat="38.591587">
        <ele>308</ele>
        <time>2026-08-23T18:59:39.000Z</time>
      </trkpt>
      <trkpt lon="-7.90002" lat="38.591458">
        <ele>308</ele>
        <time>2026-08-23T18:59:40.000Z</time>
      </trkpt>
      <trkpt lon="-7.900044" lat="38.591342">
        <ele>308</ele>
        <time>2026-08-23T18:59:41.000Z</time>
      </trkpt>
      <trkpt lon="-7.900064" lat="38.591235">
        <ele>308</ele>
        <time>2026-08-23T18:59:42.000Z</time>
      </trkpt>
      <trkpt lon="-7.900087" lat="38.591125">
        <ele>308</ele>
        <time>2026-08-23T18:59:43.000Z</time>
      </trkpt>
      <trkpt lon="-7.900114" lat="38.59101">
        <ele>308</ele>
        <time>2026-08-23T18:59:44.000Z</time>
      </trkpt>
      <trkpt lon="-7.900143" lat="38.590892">
        <ele>308</ele>
        <time>2026-08-23T18:59:45.000Z</time>
      </trkpt>
      <trkpt lon="-7.900169" lat="38.590769">
        <ele>308</ele>
        <time>2026-08-23T18:59:46.000Z</time>
      </trkpt>
      <trkpt lon="-7.9002" lat="38.590651">
        <ele>308</ele>
        <time>2026-08-23T18:59:47.000Z</time>
      </trkpt>
      <trkpt lon="-7.900224" lat="38.590545">
        <ele>308</ele>
        <time>2026-08-23T18:59:48.000Z</time>
      </trkpt>
      <trkpt lon="-7.900252" lat="38.590449">
        <ele>308</ele>
        <time>2026-08-23T18:59:49.000Z</time>
      </trkpt>
      <trkpt lon="-7.900281" lat="38.590358">
        <ele>308</ele>
        <time>2026-08-23T18:59:50.000Z</time>
      </trkpt>
      <trkpt lon="-7.900303" lat="38.590257">
        <ele>308</ele>
        <time>2026-08-23T18:59:51.000Z</time>
      </trkpt>
      <trkpt lon="-7.900328" lat="38.590152">
        <ele>308</ele>
        <time>2026-08-23T18:59:52.000Z</time>
      </trkpt>
      <trkpt lon="-7.900364" lat="38.590043">
        <ele>308</ele>
        <time>2026-08-23T18:59:53.000Z</time>
      </trkpt>
      <trkpt lon="-7.900412" lat="38.58993">
        <ele>308</ele>
        <time>2026-08-23T18:59:54.000Z</time>
      </trkpt>
      <trkpt lon="-7.900469" lat="38.589814">
        <ele>308</ele>
        <time>2026-08-23T18:59:55.000Z</time>
      </trkpt>
      <trkpt lon="-7.900521" lat="38.589696">
        <ele>308</ele>
        <time>2026-08-23T18:59:56.000Z</time>
      </trkpt>
      <trkpt lon="-7.900577" lat="38.589576">
        <ele>308</ele>
        <time>2026-08-23T18:59:57.000Z</time>
      </trkpt>
      <trkpt lon="-7.900638" lat="38.58946">
        <ele>308</ele>
        <time>2026-08-23T18:59:58.000Z</time>
      </trkpt>
      <trkpt lon="-7.900702" lat="38.589347">
        <ele>308</ele>
        <time>2026-08-23T18:59:59.000Z</time>
      </trkpt>
      <trkpt lon="-7.900766" lat="38.589232">
        <ele>348</ele>
        <time>2026-08-23T19:00:00.000Z</time>
      </trkpt>
      <trkpt lon="-7.900825" lat="38.589114">
        <ele>348</ele>
        <time>2026-08-23T19:00:01.000Z</time>
      </trkpt>
      <trkpt lon="-7.90089" lat="38.588998">
        <ele>348</ele>
        <time>2026-08-23T19:00:02.000Z</time>
      </trkpt>
      <trkpt lon="-7.900966" lat="38.588883">
        <ele>348</ele>
        <time>2026-08-23T19:00:03.000Z</time>
      </trkpt>
      <trkpt lon="-7.901028" lat="38.588779">
        <ele>348</ele>
        <time>2026-08-23T19:00:04.000Z</time>
      </trkpt>
      <trkpt lon="-7.901086" lat="38.588679">
        <ele>348</ele>
        <time>2026-08-23T19:00:05.000Z</time>
      </trkpt>
      <trkpt lon="-7.901154" lat="38.588567">
        <ele>348</ele>
        <time>2026-08-23T19:00:06.000Z</time>
      </trkpt>
      <trkpt lon="-7.901223" lat="38.588459">
        <ele>348</ele>
        <time>2026-08-23T19:00:07.000Z</time>
      </trkpt>
      <trkpt lon="-7.901282" lat="38.588352">
        <ele>348</ele>
        <time>2026-08-23T19:00:08.000Z</time>
      </trkpt>
      <trkpt lon="-7.901348" lat="38.588238">
        <ele>348</ele>
        <time>2026-08-23T19:00:09.000Z</time>
      </trkpt>
      <trkpt lon="-7.901408" lat="38.58813">
        <ele>348</ele>
        <time>2026-08-23T19:00:10.000Z</time>
      </trkpt>
      <trkpt lon="-7.901464" lat="38.588023">
        <ele>348</ele>
        <time>2026-08-23T19:00:11.000Z</time>
      </trkpt>
      <trkpt lon="-7.901535" lat="38.587926">
        <ele>348</ele>
        <time>2026-08-23T19:00:12.000Z</time>
      </trkpt>
      <trkpt lon="-7.901601" lat="38.587834">
        <ele>348</ele>
        <time>2026-08-23T19:00:13.000Z</time>
      </trkpt>
      <trkpt lon="-7.90166" lat="38.587747">
        <ele>348</ele>
        <time>2026-08-23T19:00:14.000Z</time>
      </trkpt>
      <trkpt lon="-7.90171" lat="38.587665">
        <ele>348</ele>
        <time>2026-08-23T19:00:15.000Z</time>
      </trkpt>
      <trkpt lon="-7.901772" lat="38.587583">
        <ele>348</ele>
        <time>2026-08-23T19:00:16.000Z</time>
      </trkpt>
      <trkpt lon="-7.901856" lat="38.58747">
        <ele>348</ele>
        <time>2026-08-23T19:00:18.000Z</time>
      </trkpt>
      <trkpt lon="-7.901894" lat="38.587422">
        <ele>348</ele>
        <time>2026-08-23T19:00:19.000Z</time>
      </trkpt>
      <trkpt lon="-7.901928" lat="38.587374">
        <ele>348</ele>
        <time>2026-08-23T19:00:20.000Z</time>
      </trkpt>
      <trkpt lon="-7.901966" lat="38.58732">
        <ele>348</ele>
        <time>2026-08-23T19:00:21.000Z</time>
      </trkpt>
      <trkpt lon="-7.902011" lat="38.587259">
        <ele>348</ele>
        <time>2026-08-23T19:00:22.000Z</time>
      </trkpt>
      <trkpt lon="-7.902056" lat="38.587197">
        <ele>319</ele>
        <time>2026-08-23T19:00:23.000Z</time>
      </trkpt>
      <trkpt lon="-7.902108" lat="38.587132">
        <ele>319</ele>
        <time>2026-08-23T19:00:24.000Z</time>
      </trkpt>
      <trkpt lon="-7.902151" lat="38.587066">
        <ele>319</ele>
        <time>2026-08-23T19:00:25.000Z</time>
      </trkpt>
      <trkpt lon="-7.902185" lat="38.587006">
        <ele>319</ele>
        <time>2026-08-23T19:00:26.000Z</time>
      </trkpt>
      <trkpt lon="-7.902217" lat="38.586957">
        <ele>319</ele>
        <time>2026-08-23T19:00:27.000Z</time>
      </trkpt>
      <trkpt lon="-7.902263" lat="38.58688">
        <ele>319</ele>
        <time>2026-08-23T19:00:29.000Z</time>
      </trkpt>
      <trkpt lon="-7.902302" lat="38.586819">
        <ele>319</ele>
        <time>2026-08-23T19:00:30.000Z</time>
      </trkpt>
      <trkpt lon="-7.902352" lat="38.586736">
        <ele>319</ele>
        <time>2026-08-23T19:00:31.000Z</time>
      </trkpt>
      <trkpt lon="-7.902407" lat="38.58664">
        <ele>319</ele>
        <time>2026-08-23T19:00:32.000Z</time>
      </trkpt>
      <trkpt lon="-7.90245" lat="38.586528">
        <ele>319</ele>
        <time>2026-08-23T19:00:33.000Z</time>
      </trkpt>
      <trkpt lon="-7.902483" lat="38.586406">
        <ele>319</ele>
        <time>2026-08-23T19:00:34.000Z</time>
      </trkpt>
      <trkpt lon="-7.902502" lat="38.586282">
        <ele>319</ele>
        <time>2026-08-23T19:00:35.000Z</time>
      </trkpt>
      <trkpt lon="-7.902513" lat="38.58617">
        <ele>319</ele>
        <time>2026-08-23T19:00:36.000Z</time>
      </trkpt>
      <trkpt lon="-7.90253" lat="38.586049">
        <ele>319</ele>
        <time>2026-08-23T19:00:37.000Z</time>
      </trkpt>
      <trkpt lon="-7.902553" lat="38.585927">
        <ele>319</ele>
        <time>2026-08-23T19:00:38.000Z</time>
      </trkpt>
      <trkpt lon="-7.902566" lat="38.585804">
        <ele>319</ele>
        <time>2026-08-23T19:00:39.000Z</time>
      </trkpt>
      <trkpt lon="-7.902623" lat="38.585676">
        <ele>319</ele>
        <time>2026-08-23T19:00:40.000Z</time>
      </trkpt>
      <trkpt lon="-7.902689" lat="38.585553">
        <ele>319</ele>
        <time>2026-08-23T19:00:41.000Z</time>
      </trkpt>
      <trkpt lon="-7.902762" lat="38.585461">
        <ele>319</ele>
        <time>2026-08-23T19:00:42.000Z</time>
      </trkpt>
      <trkpt lon="-7.90285" lat="38.585384">
        <ele>319</ele>
        <time>2026-08-23T19:00:43.000Z</time>
      </trkpt>
      <trkpt lon="-7.902945" lat="38.585308">
        <ele>319</ele>
        <time>2026-08-23T19:00:44.000Z</time>
      </trkpt>
      <trkpt lon="-7.903025" lat="38.585226">
        <ele>319</ele>
        <time>2026-08-23T19:00:45.000Z</time>
      </trkpt>
      <trkpt lon="-7.903114" lat="38.585152">
        <ele>319</ele>
        <time>2026-08-23T19:00:46.000Z</time>
      </trkpt>
      <trkpt lon="-7.903207" lat="38.585067">
        <ele>319</ele>
        <time>2026-08-23T19:00:47.000Z</time>
      </trkpt>
      <trkpt lon="-7.903296" lat="38.584976">
        <ele>319</ele>
        <time>2026-08-23T19:00:48.000Z</time>
      </trkpt>
      <trkpt lon="-7.903384" lat="38.584879">
        <ele>319</ele>
        <time>2026-08-23T19:00:49.000Z</time>
      </trkpt>
      <trkpt lon="-7.90347" lat="38.584775">
        <ele>319</ele>
        <time>2026-08-23T19:00:50.000Z</time>
      </trkpt>
      <trkpt lon="-7.903544" lat="38.584661">
        <ele>319</ele>
        <time>2026-08-23T19:00:51.000Z</time>
      </trkpt>
      <trkpt lon="-7.903603" lat="38.584532">
        <ele>319</ele>
        <time>2026-08-23T19:00:52.000Z</time>
      </trkpt>
      <trkpt lon="-7.903662" lat="38.584426">
        <ele>319</ele>
        <time>2026-08-23T19:00:53.000Z</time>
      </trkpt>
      <trkpt lon="-7.903719" lat="38.584336">
        <ele>319</ele>
        <time>2026-08-23T19:00:54.000Z</time>
      </trkpt>
      <trkpt lon="-7.903774" lat="38.584253">
        <ele>319</ele>
        <time>2026-08-23T19:00:55.000Z</time>
      </trkpt>
      <trkpt lon="-7.903833" lat="38.584155">
        <ele>319</ele>
        <time>2026-08-23T19:00:56.000Z</time>
      </trkpt>
      <trkpt lon="-7.903892" lat="38.584058">
        <ele>319</ele>
        <time>2026-08-23T19:00:57.000Z</time>
      </trkpt>
      <trkpt lon="-7.903932" lat="38.583951">
        <ele>319</ele>
        <time>2026-08-23T19:00:58.000Z</time>
      </trkpt>
      <trkpt lon="-7.903961" lat="38.583841">
        <ele>319</ele>
        <time>2026-08-23T19:00:59.000Z</time>
      </trkpt>
      <trkpt lon="-7.903983" lat="38.583726">
        <ele>319</ele>
        <time>2026-08-23T19:01:00.000Z</time>
      </trkpt>
      <trkpt lon="-7.903984" lat="38.583606">
        <ele>319</ele>
        <time>2026-08-23T19:01:01.000Z</time>
      </trkpt>
      <trkpt lon="-7.903986" lat="38.583482">
        <ele>319</ele>
        <time>2026-08-23T19:01:02.000Z</time>
      </trkpt>
      <trkpt lon="-7.903987" lat="38.583359">
        <ele>319</ele>
        <time>2026-08-23T19:01:03.000Z</time>
      </trkpt>
      <trkpt lon="-7.903982" lat="38.583235">
        <ele>319</ele>
        <time>2026-08-23T19:01:04.000Z</time>
      </trkpt>
      <trkpt lon="-7.903987" lat="38.583107">
        <ele>319</ele>
        <time>2026-08-23T19:01:05.000Z</time>
      </trkpt>
      <trkpt lon="-7.903984" lat="38.582988">
        <ele>319</ele>
        <time>2026-08-23T19:01:06.000Z</time>
      </trkpt>
      <trkpt lon="-7.903983" lat="38.58288">
        <ele>319</ele>
        <time>2026-08-23T19:01:07.000Z</time>
      </trkpt>
      <trkpt lon="-7.903985" lat="38.582772">
        <ele>319</ele>
        <time>2026-08-23T19:01:08.000Z</time>
      </trkpt>
      <trkpt lon="-7.903983" lat="38.582671">
        <ele>320</ele>
        <time>2026-08-23T19:01:09.000Z</time>
      </trkpt>
      <trkpt lon="-7.903982" lat="38.582579">
        <ele>320</ele>
        <time>2026-08-23T19:01:10.000Z</time>
      </trkpt>
      <trkpt lon="-7.90399" lat="38.582486">
        <ele>320</ele>
        <time>2026-08-23T19:01:11.000Z</time>
      </trkpt>
      <trkpt lon="-7.904007" lat="38.582396">
        <ele>320</ele>
        <time>2026-08-23T19:01:12.000Z</time>
      </trkpt>
      <trkpt lon="-7.904015" lat="38.582241">
        <ele>320</ele>
        <time>2026-08-23T19:01:14.000Z</time>
      </trkpt>
      <trkpt lon="-7.90403" lat="38.582177">
        <ele>320</ele>
        <time>2026-08-23T19:01:15.000Z</time>
      </trkpt>
      <trkpt lon="-7.904064" lat="38.582114">
        <ele>320</ele>
        <time>2026-08-23T19:01:16.000Z</time>
      </trkpt>
      <trkpt lon="-7.904118" lat="38.582045">
        <ele>320</ele>
        <time>2026-08-23T19:01:17.000Z</time>
      </trkpt>
      <trkpt lon="-7.904144" lat="38.581958">
        <ele>320</ele>
        <time>2026-08-23T19:01:18.000Z</time>
      </trkpt>
      <trkpt lon="-7.90411" lat="38.581859">
        <ele>320</ele>
        <time>2026-08-23T19:01:19.000Z</time>
      </trkpt>
      <trkpt lon="-7.904066" lat="38.581747">
        <ele>320</ele>
        <time>2026-08-23T19:01:20.000Z</time>
      </trkpt>
      <trkpt lon="-7.904041" lat="38.581612">
        <ele>320</ele>
        <time>2026-08-23T19:01:21.000Z</time>
      </trkpt>
      <trkpt lon="-7.904075" lat="38.58147">
        <ele>320</ele>
        <time>2026-08-23T19:01:22.000Z</time>
      </trkpt>
      <trkpt lon="-7.904105" lat="38.581316">
        <ele>320</ele>
        <time>2026-08-23T19:01:23.000Z</time>
      </trkpt>
      <trkpt lon="-7.904129" lat="38.581188">
        <ele>320</ele>
        <time>2026-08-23T19:01:24.000Z</time>
      </trkpt>
      <trkpt lon="-7.904154" lat="38.581069">
        <ele>320</ele>
        <time>2026-08-23T19:01:25.000Z</time>
      </trkpt>
      <trkpt lon="-7.904174" lat="38.580957">
        <ele>320</ele>
        <time>2026-08-23T19:01:26.000Z</time>
      </trkpt>
      <trkpt lon="-7.904191" lat="38.580862">
        <ele>320</ele>
        <time>2026-08-23T19:01:27.000Z</time>
      </trkpt>
      <trkpt lon="-7.904219" lat="38.580696">
        <ele>320</ele>
        <time>2026-08-23T19:01:29.000Z</time>
      </trkpt>
      <trkpt lon="-7.904229" lat="38.580635">
        <ele>320</ele>
        <time>2026-08-23T19:01:30.000Z</time>
      </trkpt>
      <trkpt lon="-7.904237" lat="38.580584">
        <ele>320</ele>
        <time>2026-08-23T19:01:31.000Z</time>
      </trkpt>
      <trkpt lon="-7.904248" lat="38.580503">
        <ele>320</ele>
        <time>2026-08-23T19:01:33.000Z</time>
      </trkpt>
      <trkpt lon="-7.904255" lat="38.580439">
        <ele>320</ele>
        <time>2026-08-23T19:01:34.000Z</time>
      </trkpt>
      <trkpt lon="-7.9043" lat="38.580373">
        <ele>320</ele>
        <time>2026-08-23T19:01:35.000Z</time>
      </trkpt>
      <trkpt lon="-7.904372" lat="38.580311">
        <ele>320</ele>
        <time>2026-08-23T19:01:36.000Z</time>
      </trkpt>
      <trkpt lon="-7.904456" lat="38.580248">
        <ele>320</ele>
        <time>2026-08-23T19:01:37.000Z</time>
      </trkpt>
      <trkpt lon="-7.904539" lat="38.580168">
        <ele>320</ele>
        <time>2026-08-23T19:01:38.000Z</time>
      </trkpt>
      <trkpt lon="-7.904619" lat="38.58008">
        <ele>320</ele>
        <time>2026-08-23T19:01:39.000Z</time>
      </trkpt>
      <trkpt lon="-7.90472" lat="38.579996">
        <ele>320</ele>
        <time>2026-08-23T19:01:40.000Z</time>
      </trkpt>
      <trkpt lon="-7.904828" lat="38.579916">
        <ele>320</ele>
        <time>2026-08-23T19:01:41.000Z</time>
      </trkpt>
      <trkpt lon="-7.904946" lat="38.579839">
        <ele>320</ele>
        <time>2026-08-23T19:01:42.000Z</time>
      </trkpt>
      <trkpt lon="-7.905068" lat="38.579772">
        <ele>320</ele>
        <time>2026-08-23T19:01:43.000Z</time>
      </trkpt>
      <trkpt lon="-7.905194" lat="38.5797">
        <ele>320</ele>
        <time>2026-08-23T19:01:44.000Z</time>
      </trkpt>
      <trkpt lon="-7.905326" lat="38.579627">
        <ele>320</ele>
        <time>2026-08-23T19:01:45.000Z</time>
      </trkpt>
      <trkpt lon="-7.905454" lat="38.579559">
        <ele>320</ele>
        <time>2026-08-23T19:01:46.000Z</time>
      </trkpt>
      <trkpt lon="-7.905586" lat="38.579484">
        <ele>320</ele>
        <time>2026-08-23T19:01:47.000Z</time>
      </trkpt>
      <trkpt lon="-7.905715" lat="38.579404">
        <ele>320</ele>
        <time>2026-08-23T19:01:48.000Z</time>
      </trkpt>
      <trkpt lon="-7.905846" lat="38.579324">
        <ele>320</ele>
        <time>2026-08-23T19:01:49.000Z</time>
      </trkpt>
      <trkpt lon="-7.905983" lat="38.579239">
        <ele>320</ele>
        <time>2026-08-23T19:01:50.000Z</time>
      </trkpt>
      <trkpt lon="-7.906124" lat="38.579156">
        <ele>320</ele>
        <time>2026-08-23T19:01:51.000Z</time>
      </trkpt>
      <trkpt lon="-7.90627" lat="38.579072">
        <ele>320</ele>
        <time>2026-08-23T19:01:52.000Z</time>
      </trkpt>
      <trkpt lon="-7.906416" lat="38.578993">
        <ele>320</ele>
        <time>2026-08-23T19:01:53.000Z</time>
      </trkpt>
      <trkpt lon="-7.906542" lat="38.57892">
        <ele>320</ele>
        <time>2026-08-23T19:01:54.000Z</time>
      </trkpt>
      <trkpt lon="-7.906661" lat="38.578857">
        <ele>320</ele>
        <time>2026-08-23T19:01:55.000Z</time>
      </trkpt>
      <trkpt lon="-7.90678" lat="38.578806">
        <ele>332</ele>
        <time>2026-08-23T19:01:56.000Z</time>
      </trkpt>
      <trkpt lon="-7.906899" lat="38.578755">
        <ele>332</ele>
        <time>2026-08-23T19:01:57.000Z</time>
      </trkpt>
      <trkpt lon="-7.90702" lat="38.578699">
        <ele>332</ele>
        <time>2026-08-23T19:01:58.000Z</time>
      </trkpt>
      <trkpt lon="-7.907135" lat="38.578636">
        <ele>332</ele>
        <time>2026-08-23T19:01:59.000Z</time>
      </trkpt>
      <trkpt lon="-7.907258" lat="38.578572">
        <ele>332</ele>
        <time>2026-08-23T19:02:00.000Z</time>
      </trkpt>
      <trkpt lon="-7.90738" lat="38.578508">
        <ele>332</ele>
        <time>2026-08-23T19:02:01.000Z</time>
      </trkpt>
      <trkpt lon="-7.907499" lat="38.578435">
        <ele>332</ele>
        <time>2026-08-23T19:02:02.000Z</time>
      </trkpt>
      <trkpt lon="-7.907606" lat="38.578377">
        <ele>332</ele>
        <time>2026-08-23T19:02:03.000Z</time>
      </trkpt>
      <trkpt lon="-7.907767" lat="38.57827">
        <ele>332</ele>
        <time>2026-08-23T19:02:05.000Z</time>
      </trkpt>
      <trkpt lon="-7.907828" lat="38.578223">
        <ele>332</ele>
        <time>2026-08-23T19:02:06.000Z</time>
      </trkpt>
      <trkpt lon="-7.907895" lat="38.578183">
        <ele>332</ele>
        <time>2026-08-23T19:02:07.000Z</time>
      </trkpt>
      <trkpt lon="-7.907957" lat="38.578146">
        <ele>332</ele>
        <time>2026-08-23T19:02:08.000Z</time>
      </trkpt>
      <trkpt lon="-7.90803" lat="38.578107">
        <ele>332</ele>
        <time>2026-08-23T19:02:09.000Z</time>
      </trkpt>
      <trkpt lon="-7.908113" lat="38.578066">
        <ele>332</ele>
        <time>2026-08-23T19:02:10.000Z</time>
      </trkpt>
      <trkpt lon="-7.908221" lat="38.578039">
        <ele>332</ele>
        <time>2026-08-23T19:02:11.000Z</time>
      </trkpt>
      <trkpt lon="-7.908335" lat="38.578006">
        <ele>332</ele>
        <time>2026-08-23T19:02:12.000Z</time>
      </trkpt>
      <trkpt lon="-7.908527" lat="38.577986">
        <ele>332</ele>
        <time>2026-08-23T19:02:14.000Z</time>
      </trkpt>
      <trkpt lon="-7.908605" lat="38.577983">
        <ele>332</ele>
        <time>2026-08-23T19:02:15.000Z</time>
      </trkpt>
      <trkpt lon="-7.9087" lat="38.57799">
        <ele>332</ele>
        <time>2026-08-23T19:02:16.000Z</time>
      </trkpt>
      <trkpt lon="-7.908805" lat="38.578011">
        <ele>332</ele>
        <time>2026-08-23T19:02:17.000Z</time>
      </trkpt>
      <trkpt lon="-7.908899" lat="38.578053">
        <ele>332</ele>
        <time>2026-08-23T19:02:18.000Z</time>
      </trkpt>
      <trkpt lon="-7.908975" lat="38.578087">
        <ele>332</ele>
        <time>2026-08-23T19:02:19.000Z</time>
      </trkpt>
      <trkpt lon="-7.909072" lat="38.578101">
        <ele>335</ele>
        <time>2026-08-23T19:02:20.000Z</time>
      </trkpt>
      <trkpt lon="-7.909176" lat="38.578082">
        <ele>335</ele>
        <time>2026-08-23T19:02:21.000Z</time>
      </trkpt>
      <trkpt lon="-7.909274" lat="38.57802">
        <ele>335</ele>
        <time>2026-08-23T19:02:22.000Z</time>
      </trkpt>
      <trkpt lon="-7.909393" lat="38.577941">
        <ele>335</ele>
        <time>2026-08-23T19:02:24.000Z</time>
      </trkpt>
      <trkpt lon="-7.909473" lat="38.577921">
        <ele>335</ele>
        <time>2026-08-23T19:02:26.000Z</time>
      </trkpt>
      <trkpt lon="-7.909526" lat="38.577895">
        <ele>335</ele>
        <time>2026-08-23T19:02:28.000Z</time>
      </trkpt>
      <trkpt lon="-7.90953" lat="38.577893">
        <ele>335</ele>
        <time>2026-08-23T19:02:29.000Z</time>
      </trkpt>
      <trkpt lon="-7.909527" lat="38.577897">
        <ele>335</ele>
        <time>2026-08-23T19:02:30.000Z</time>
      </trkpt>
      <trkpt lon="-7.909554" lat="38.577867">
        <ele>335</ele>
        <time>2026-08-23T19:05:13.000Z</time>
      </trkpt>
      <trkpt lon="-7.909598" lat="38.577811">
        <ele>335</ele>
        <time>2026-08-23T19:05:14.000Z</time>
      </trkpt>
      <trkpt lon="-7.909654" lat="38.577767">
        <ele>335</ele>
        <time>2026-08-23T19:05:15.000Z</time>
      </trkpt>
      <trkpt lon="-7.909733" lat="38.577734">
        <ele>335</ele>
        <time>2026-08-23T19:05:16.000Z</time>
      </trkpt>
      <trkpt lon="-7.909806" lat="38.577682">
        <ele>335</ele>
        <time>2026-08-23T19:05:17.000Z</time>
      </trkpt>
      <trkpt lon="-7.909893" lat="38.577624">
        <ele>335</ele>
        <time>2026-08-23T19:05:18.000Z</time>
      </trkpt>
      <trkpt lon="-7.909989" lat="38.57756">
        <ele>335</ele>
        <time>2026-08-23T19:05:19.000Z</time>
      </trkpt>
      <trkpt lon="-7.910078" lat="38.577503">
        <ele>335</ele>
        <time>2026-08-23T19:05:20.000Z</time>
      </trkpt>
      <trkpt lon="-7.910226" lat="38.577429">
        <ele>335</ele>
        <time>2026-08-23T19:05:22.000Z</time>
      </trkpt>
      <trkpt lon="-7.910308" lat="38.577421">
        <ele>335</ele>
        <time>2026-08-23T19:05:23.000Z</time>
      </trkpt>
      <trkpt lon="-7.910405" lat="38.577433">
        <ele>335</ele>
        <time>2026-08-23T19:05:24.000Z</time>
      </trkpt>
      <trkpt lon="-7.910493" lat="38.577481">
        <ele>335</ele>
        <time>2026-08-23T19:05:25.000Z</time>
      </trkpt>
    </trkseg>
  </trk>
</gpx>
